gatherdate,strike,expiry,timevalue,gexp,dexp,vexp,cexp,ccash,pcash,call_volume,put_volume,call_oi,put_oi
2025-06-23 14:23:43,191.0,2025-06-23,0.001984126984126984,-17120.817326917924,770.4021973726404,-16.57451754715218,0.9773932732323457,584700.0000000002,308526700.0000001,5.0,101.0,3.0,1583.0
2025-06-23 14:23:43,191.0,2025-06-25,0.007936507936507936,-188.30281279252884,2.623624022538514,-0.1820479391189831,-0.02081969883634483,0.0,389800.0000000002,0.0,1.0,0.0,2.0
2025-06-23 14:23:43,191.0,2025-07-25,0.12698412698412698,-1480022.4828830396,96551.26659231848,-1429.2628250831174,-12275.329968448412,194900.0000000001,610426800.0000002,1.0,1.0,1.0,3132.0
2025-06-23 14:23:43,191.0,2025-06-24,0.003968253968253968,-21.45262212890341,0.19979357299269374,-0.020768720749913955,-0.0007925319511767969,0.0,194900.0000000001,0.0,1.0,0.0,1.0
2025-06-23 14:23:43,191.0,2025-06-30,0.027777777777777776,-278269.9546853959,32251.935423967618,-269.06106106139083,518.9306293790544,23582900.000000007,189053000.0000001,1.0,4.0,121.0,970.0
2025-06-23 14:23:43,191.0,2025-07-11,0.07142857142857142,-82025.173947366,3750.9962532116056,-79.1576090388777,-268.6202390943348,0.0,34887100.000000015,2.0,162.0,1e-10,179.0
2025-06-23 14:23:43,191.0,2025-06-26,0.011904761904761904,-307.03569664869826,5.195870631134435,-0.296692522628491,-0.06185960669672741,0.0,389800.0000000002,0.0,6.0,0.0,2.0
2025-06-23 14:23:43,191.0,2025-07-03,0.03968253968253968,-108029.95596086523,5846.766628775219,-112.55239619142131,-59.814681572842446,2143900.000000001,56521000.00000002,1.0,7.0,11.0,290.0
2025-06-23 14:23:43,191.0,2025-07-18,0.0992063492063492,-709291.4649059009,269255.15434756223,-1697.659009498055,12665.848479881097,215169600.0000001,507519600.0000002,19.0,33.0,1104.0,2604.0
2025-06-23 14:23:43,191.0,2025-06-27,0.015873015873015872,-14222.299745963728,38595.053856390856,-13.733524036694845,603.54339596521,35471800.000000015,12863400.000000006,1.0,14.0,182.0,66.0
2025-06-23 14:23:43,191.0,2025-08-01,0.15476190476190477,-18111.30732357257,1336.4999213586473,-17.474714121219282,-208.07416020535697,0.0,7601100.000000003,0.0,21.0,0.0,39.0
2025-06-23 14:23:43,192.0,2025-07-11,0.07142857142857142,-60360.98114373978,8169.174527960791,-79.13448397784627,101.22467768692383,4807400.000000002,27550100.00000001,4.0,50.0,26.0,149.0
2025-06-23 14:23:43,192.0,2025-07-18,0.0992063492063492,-1875069.7223550454,362045.21388661826,-2844.8844619700058,7505.159340271206,227981700.00000015,915070100.0000004,6.0,57.0,1233.0,4949.0
2025-06-23 14:23:43,192.0,2025-06-26,0.011904761904761904,-50123.6740997983,810.596047632791,-45.86469508823578,-9.65059495697373,0.0,55839800.00000004,0.0,2.0,0.0,302.0
2025-06-23 14:23:43,192.0,2025-06-23,0.001984126984126984,-610.844258049367,4.747995992339823,-0.5597003290423738,-0.009416019262685477,0.0,9245000.000000004,0.0,2.0,0.0,50.0
2025-06-23 14:23:43,192.0,2025-06-25,0.007936507936507936,-209.67856678809034,2.814938218282299,-0.19190807950217048,-0.022337948426299128,0.0,369800.0000000002,0.0,15.0,0.0,2.0
2025-06-23 14:23:43,192.0,2025-06-30,0.027777777777777776,-265007.5898192881,57979.530963924655,-242.62237064572602,1254.3240586507848,45300500.000000015,151987800.00000006,1.0,486.0,245.0,822.0
2025-06-23 14:23:43,192.0,2025-06-27,0.015873015873015872,-80007.14060587146,62586.70945094077,-73.16614868639965,944.3983598045206,53621000.00000002,63235800.00000004,1.0,7.0,290.0,342.0
2025-06-23 14:23:43,192.0,2025-07-25,0.12698412698412698,-128666.41448144276,8418.68508937213,-117.68319625712364,-1074.2228251182548,0.0,47704200.000000015,0.0,3.0,0.0,258.0
2025-06-23 14:23:43,192.0,2025-08-01,0.15476190476190477,-18513.457060841705,1370.3586365950807,-16.93630541647275,-213.34639857108485,0.0,7026200.000000003,0.0,30.0,0.0,38.0
2025-06-23 14:23:43,192.0,2025-06-24,0.003968253968253968,-72.4414129716259,0.6470945954258668,-0.06638265152361841,-0.0025668736977857943,0.0,554700.0000000002,0.0,2.0,0.0,3.0
2025-06-23 14:23:43,192.0,2025-07-03,0.03968253968253968,-203116.64416960935,13123.17602459609,-209.68272213360925,-37.2687871391409,5731900.000000003,94114100.00000006,5.0,1.0,31.0,509.0
2025-06-23 14:23:43,192.5,2025-07-03,0.03968253968253968,-3592.1858083226025,328.221405714478,-3.994642929215495,2.4763386087147206,179900.0000000001,1619100.0000000007,0.0,1.0,1.0,9.0
2025-06-23 14:23:43,193.0,2025-06-27,0.015873015873015872,-94001.17388414117,14874.906848744069,-81.12585675829813,178.180468362731,10843800.000000006,59640900.00000002,3.0,786.0,62.0,341.0
2025-06-23 14:23:43,193.0,2025-07-25,0.12698412698412698,-30026.97554671894,2796.119814980554,-29.480111811134158,-182.66095976738012,699600.0000000003,10668900.000000006,1.0,7.0,4.0,61.0
2025-06-23 14:23:43,193.0,2025-06-25,0.007936507936507936,-202975.0218424027,2786.5617907988662,-175.38664261761582,-18.771876662366996,174900.0000000001,317443500.0000002,32.0,11.0,1.0,1815.0
2025-06-23 14:23:43,193.0,2025-08-01,0.15476190476190477,-57233.2178928777,4674.565772340899,-51.16799959887486,-624.031555884114,349800.0000000002,19938600.00000001,2.0,1.0,2.0,114.0
2025-06-23 14:23:43,193.0,2025-06-24,0.003968253968253968,-82.0273523108931,0.7013636611725532,-0.07094181751888358,-0.0027821563514687777,0.0,524700.0000000002,0.0,111.0,0.0,3.0
2025-06-23 14:23:43,193.0,2025-06-23,0.001984126984126984,-458.1440980305419,1476.8336713776016,-0.3961604694332172,2.916722185817973,1224300.0000000007,5771700.000000003,7.0,25.0,7.0,33.0
2025-06-23 14:23:43,193.0,2025-06-30,0.027777777777777776,-293775.54238127,71846.96923215581,-253.96490015892496,1605.8183048724227,53869200.00000002,142368600.00000006,30.0,1.0,308.0,814.0
2025-06-23 14:23:43,193.0,2025-06-26,0.011904761904761904,-2729.551612982604,45.31218652051995,-2.3563787269946888,-0.5394745854007944,0.0,2273700.000000001,0.0,10.0,0.0,13.0
2025-06-23 14:23:43,193.0,2025-07-11,0.07142857142857142,-48888.39206540793,3516.612814834226,-47.77775629832774,-95.28155776978969,1049400.0000000005,17140200.000000007,21.0,1.0,6.0,98.0
2025-06-23 14:23:43,193.0,2025-07-18,0.0992063492063492,-4683898.11019745,466393.42472363333,-4915.875406335953,-13104.889406166218,167204400.0000001,1694431200.0000007,5.0,610.0,956.0,9688.0
2025-06-23 14:23:43,193.0,2025-07-02,0.03571428571428571,-267164.70938991837,8026.715556947984,-230.60225943896978,-286.9890529243741,0.0,104940000.00000004,0.0,600.0,0.0,600.0
2025-06-23 14:23:43,193.0,2025-07-03,0.03968253968253968,-330703.4060875962,13305.052961447383,-295.18341795976767,-343.2961773549995,2098800.000000001,125228400.00000007,4.0,4.0,12.0,716.0
2025-06-23 14:23:43,194.0,2025-06-25,0.007936507936507936,-4152.298454401737,50.568751676011736,-3.37589722157902,-0.4012902088307323,0.0,5441700.000000003,0.0,1.0,0.0,33.0
2025-06-23 14:23:43,194.0,2025-07-01,0.031746031746031744,-466.8700381012042,12.89317912158953,-0.3793505812321587,-0.40969898494223433,0.0,164900.0000000001,0.0,1.0,0.0,1.0
2025-06-23 14:23:43,194.0,2025-07-18,0.0992063492063492,-150742.05033517058,349438.8497415634,-1623.8489309519532,22191.251188194252,273074400.0000002,312815300.0000002,4.0,1053.0,1656.0,1897.0
2025-06-23 14:23:43,194.0,2025-06-24,0.003968253968253968,-62.34405225459609,2315.8991271094897,-0.05072278435784168,9.18603595194735,1813900.0000000012,329800.0000000002,3.0,495.0,11.0,2.0
2025-06-23 14:23:43,194.0,2025-06-27,0.015873015873015872,-1120129.76194698,60932.9756720477,-909.5303450453914,282.2918828769433,30836300.00000002,580448000.0000002,1.0,109.0,187.0,3520.0
2025-06-23 14:23:43,194.0,2025-06-23,0.001984126984126984,-39952.885100138286,283.0302728352542,-32.49727576034971,-0.5612973236696264,0.0,414723500.0000002,0.0,4.0,0.0,2515.0
2025-06-23 14:23:43,194.0,2025-06-30,0.027777777777777776,-1487251.4969525987,92898.83702774244,-1209.6697583532332,587.742794810556,44687900.00000003,591661200.0000002,1.0,22.0,271.0,3588.0
2025-06-23 14:23:43,194.0,2025-07-03,0.03968253968253968,-15404.767408200823,3048.2937832677953,-22.186102414007692,65.09973075543805,1978800.0000000012,6760900.000000005,1.0,48.0,12.0,41.0
2025-06-23 14:23:43,194.0,2025-08-01,0.15476190476190477,-10317.528557485153,1993.9621351604098,-13.353142026885592,-2.8420445202461053,989400.0000000006,4122500.0000000023,1.0,27.0,6.0,25.0
2025-06-23 14:23:43,194.0,2025-07-11,0.07142857142857142,-38678.12996962626,13244.678884651992,-82.88341855153952,473.4425578550737,9069500.000000004,20282700.00000001,2.0,87.0,55.0,123.0
2025-06-23 14:23:43,194.0,2025-06-26,0.011904761904761904,-1150.460463956728,18.232924533460437,-0.9347341556280802,-0.21707680705956367,0.0,824500.0000000003,0.0,3.0,0.0,5.0
2025-06-23 14:23:43,194.0,2025-07-25,0.12698412698412698,-18867.52697247422,1452.686216574551,-16.242622269834047,-142.21796654484547,164900.0000000001,5771500.000000003,0.0,4.0,1.0,35.0
2025-06-23 14:23:43,195.0,2025-08-01,0.15476190476190477,-143041.0239680558,11400.620358935887,-111.93133569033904,-1622.9388640759485,464700.0000000003,39964200.00000002,1.0,108.0,3.0,258.0
2025-06-23 14:23:43,195.0,2025-07-03,0.03968253968253968,-193403.29555382265,10820.731756672807,-165.53006257872426,-110.16433858478322,3252900.000000002,55299300.00000004,2.0,85.0,21.0,357.0
2025-06-23 14:23:43,195.0,2025-07-01,0.031746031746031744,-5387.648715475478,3127.9169424883235,-11.368164695299114,82.28937889903968,2168600.0000000014,3098000.000000002,1.0,35.0,14.0,20.0
2025-06-23 14:23:43,195.0,2025-07-18,0.0992063492063492,-24190756.518415976,1707258.60119043,-19680.198739707663,-123036.6093899907,213762000.0000001,6422154000.000004,85.0,1242.0,1380.0,41460.0
2025-06-23 14:23:43,195.0,2025-06-25,0.007936507936507936,-472544.85816260293,6156.334573165951,-359.95541057900823,-45.513788762858,154900.0000000001,423806400.0000003,1.0,2451.0,1.0,2736.0
2025-06-23 14:23:43,195.0,2025-06-26,0.011904761904761904,-140637.05393221363,2229.987040390833,-107.096438473588,-26.549976739920425,0.0,78534300.00000004,0.0,2.0,0.0,507.0
2025-06-23 14:23:43,195.0,2025-07-25,0.12698412698412698,-187586.6607428146,15426.369860135233,-155.45754872956593,-1371.6730215121381,2168600.0000000014,51891500.00000004,6.0,115.0,14.0,335.0
2025-06-23 14:23:43,195.0,2025-07-11,0.07142857142857142,-2318853.457312227,133441.70504829014,-1869.9168395333716,-6739.246004550429,17039000.000000007,600392400.0000004,19.0,127.0,110.0,3876.0
2025-06-23 14:23:43,195.0,2025-06-30,0.027777777777777776,-5296277.67432301,198959.05251872982,-4042.92707720921,-1413.5100779802892,54524800.00000004,1778716700.0000012,17.0,347.0,352.0,11483.0
2025-06-23 14:23:43,195.0,2025-06-24,0.003968253968253968,-17657.885376501934,2873.7637393581986,-13.465505071588067,10.313595906593719,2013700.0000000012,76365700.00000004,1.0,1134.0,13.0,493.0
2025-06-23 14:23:43,195.0,2025-06-23,0.001984126984126984,-92273.04171165949,5462.951587711947,-70.34150263742225,8.372788963525782,3562700.0000000023,780076400.0000005,97.0,27.0,23.0,5036.0
2025-06-23 14:23:43,195.0,2025-06-27,0.015873015873015872,-1535262.8594223391,46470.477251214004,-1168.7072272644955,-189.8147882873326,12701800.000000007,649650600.0000004,1.0,13646.0,82.0,4194.0
2025-06-23 14:23:43,195.0,2025-07-02,0.03571428571428571,-2771.0231313586787,294.92194237271997,-2.9611032087805813,3.26004695271296,154900.0000000001,929400.0000000006,0.0,1.0,1.0,6.0
2025-06-23 14:23:43,196.0,2025-07-11,0.07142857142857142,-1540898.3472173065,78633.99127979531,-1114.2583209036,-5151.448733504267,2753100.000000002,340515000.00000024,37.0,105.0,19.0,2350.0
2025-06-23 14:23:43,196.0,2025-07-18,0.0992063492063492,-1732815.9361058783,470838.0627831501,-2817.1635831935296,13121.215498947706,259081200.00000018,645674400.0000004,113.0,1045.0,1788.0,4456.0
2025-06-23 14:23:43,196.0,2025-06-26,0.011904761904761904,-16647.71859690282,2566.8214723209962,-11.839400704372007,24.570641602281075,1593900.0000000012,7824600.000000005,11.0,51.0,11.0,54.0
2025-06-23 14:23:43,196.0,2025-06-30,0.027777777777777776,-1530476.7375488833,69769.481727268,-1090.5670776805168,-56.1171135399012,23328900.00000001,423687600.0000003,1.0,16.0,161.0,2924.0
2025-06-23 14:23:43,196.0,2025-06-27,0.015873015873015872,-273093.4435762458,57101.172867526824,-194.1119812052145,744.1176373643732,35790300.00000002,94185000.00000006,12.0,95.0,247.0,650.0
2025-06-23 14:23:43,196.0,2025-07-25,0.12698412698412698,-38104.93488223916,2776.4260444670335,-28.079423782453503,-312.3698604173083,144900.0000000001,9128700.000000006,0.0,2.0,1.0,63.0
2025-06-23 14:23:43,196.0,2025-06-25,0.007936507936507936,-7127.137182700854,86.06448509389548,-5.06860100513086,-0.6829841018945235,0.0,5216400.000000003,0.0,205.0,0.0,36.0
2025-06-23 14:23:43,196.0,2025-06-23,0.001984126984126984,-32485.445348619167,418.0477208643704,-23.113129312413385,0.006013175158583572,144900.0000000001,220682700.00000015,2.0,1843.0,1.0,1523.0
2025-06-23 14:23:43,196.0,2025-07-01,0.031746031746031744,7784.228856004856,4285.553168988781,-5.584077078363943,136.04777319800502,3042900.000000002,0.0,0.0,0.0,21.0,0.0
2025-06-23 14:23:43,196.0,2025-07-03,0.03968253968253968,-685985.2565202214,23321.085631875285,-489.4442286107933,-896.5519143183913,289800.0000000002,156492000.0000001,1.0,3192.0,2.0,1080.0
2025-06-23 14:23:43,196.0,2025-08-01,0.15476190476190477,-21697.90058092325,1652.511154650333,-15.538785921336771,-257.27854183733257,0.0,5361300.000000004,0.0,15.0,0.0,37.0
2025-06-23 14:23:43,196.0,2025-06-24,0.003968253968253968,-218498.9638063612,1555.3044956821855,-155.55353896956927,-6.169572267004878,0.0,898524900.0000006,0.0,6911.0,0.0,6201.0
2025-06-23 14:23:43,197.0,2025-06-30,0.027777777777777776,-4119531.5040175007,181026.83581112896,-2870.591365633456,-534.8812759587281,52745900.00000004,947942300.0000007,1.0,22.0,391.0,7027.0
2025-06-23 14:23:43,197.0,2025-07-01,0.031746031746031744,-14964.702805812318,822.3653476019883,-11.351805812318466,-0.8419557810778517,269800.0000000002,3372500.0000000023,0.0,59.0,2.0,25.0
2025-06-23 14:23:43,197.0,2025-07-25,0.12698412698412698,-161492.2945199202,11208.527245462948,-108.31036661059377,-1388.8391149055942,134900.0000000001,33859900.00000002,2.0,132.0,1.0,251.0
2025-06-23 14:23:43,197.0,2025-06-23,0.001984126984126984,-110736.00438222484,964.0791754983809,-73.15277861393152,-1.0769197214066877,134900.0000000001,344669500.0000003,13.0,49.0,1.0,2555.0
2025-06-23 14:23:43,197.0,2025-07-02,0.03571428571428571,-687.6053759760972,21.332044561283798,-0.4544653984847999,-0.7627364994717216,0.0,134900.0000000001,0.0,1.0,0.0,1.0
2025-06-23 14:23:43,197.0,2025-06-27,0.015873015873015872,-741375.7456726558,63462.80608661671,-489.76730994356944,576.2767055536814,31971300.00000002,207611100.00000015,4.0,427.0,237.0,1539.0
2025-06-23 14:23:43,197.0,2025-06-24,0.003968253968253968,-1788.7569186047308,224.82077055397866,-1.1821164385430871,0.7784280569845019,134900.0000000001,2967800.0000000023,1.0,292.0,1.0,22.0
2025-06-23 14:23:43,197.0,2025-08-01,0.15476190476190477,-13520.878403805797,1243.3403560275265,-9.779291440047814,-144.30684914327597,134900.0000000001,3102700.0000000023,1.0,36.0,1.0,23.0
2025-06-23 14:23:43,197.0,2025-07-03,0.03968253968253968,-939697.1766091227,34702.40196851214,-633.7422639632151,-1170.0875074482665,1888600.0000000014,182115000.00000012,1.0,14.0,14.0,1350.0
2025-06-23 14:23:43,197.0,2025-07-11,0.07142857142857142,-1573872.3167579593,83446.22120183712,-1071.5830077791259,-5179.080133865449,4316800.000000003,303794800.00000024,26.0,13.0,32.0,2252.0
2025-06-23 14:23:43,197.0,2025-06-26,0.011904761904761904,-119062.43804353806,3888.060632888124,-78.67148220085514,3.8279310511133744,1349000.000000001,43437800.00000002,10.0,4.0,10.0,322.0
2025-06-23 14:23:43,197.0,2025-07-18,0.0992063492063492,425700.59095604136,546455.1818304205,-2129.410702239533,37476.16308846556,374752200.00000024,279512800.0000002,23.0,22.0,2778.0,2072.0
2025-06-23 14:23:43,197.0,2025-06-25,0.007936507936507936,-7429.09213322228,84.18352638715204,-4.9101392457628155,-0.6680586105738688,0.0,4586600.000000003,0.0,8.0,0.0,34.0
2025-06-23 14:23:43,197.5,2025-07-25,0.12698412698412698,-210636.07914223307,14405.268187684247,-135.04157339753866,-1838.16182438069,0.0,41308200.00000004,0.0,2.0,0.0,318.0
2025-06-23 14:23:43,197.5,2025-07-03,0.03968253968253968,-6995.048991419499,16286.754045319622,-75.54621342183002,475.18400425417394,9872400.000000007,11041500.000000007,2.0,11.0,76.0,85.0
2025-06-23 14:23:43,198.0,2025-06-25,0.007936507936507936,-6433.539177388727,916.2478772070224,-3.9278068794710705,6.092682720550241,499600.00000000035,2747800.0000000023,2.0,11.0,4.0,22.0
2025-06-23 14:23:43,198.0,2025-07-25,0.12698412698412698,-152205.9751100992,10647.677013913752,-94.66403817492873,-1317.91728907683,124900.00000000009,28102500.00000002,0.0,23.0,1.0,225.0
2025-06-23 14:23:43,198.0,2025-06-24,0.003968253968253968,-1375.3157599973351,431.27284411735997,-0.8398213325211736,1.6297240609061743,249800.00000000017,1873500.0000000014,16.0,25.0,2.0,15.0
2025-06-23 14:23:43,198.0,2025-06-27,0.015873015873015872,-1683443.4397023602,55679.69758718788,-1027.333672663618,-122.1875650638255,14238600.000000011,360586300.0000003,14.0,177.0,114.0,2887.0
2025-06-23 14:23:43,198.0,2025-07-01,0.031746031746031744,-12400.33758708953,334.10085279234835,-7.589208559825673,-10.616845322302698,0.0,2123300.0000000014,0.0,22.0,0.0,17.0
2025-06-23 14:23:43,198.0,2025-06-30,0.027777777777777776,-3838881.9380990597,130697.43038963483,-2350.429645281581,-1422.3954687004436,23606100.000000015,699190200.0000005,20.0,78.0,189.0,5598.0
2025-06-23 14:23:43,198.0,2025-07-02,0.03571428571428571,-765.2779237938487,24.05148941120599,-0.46756406527340544,-0.8599792952090267,0.0,124900.00000000009,0.0,60.0,0.0,1.0
2025-06-23 14:23:43,198.0,2025-08-01,0.15476190476190477,-60764.648639594394,4733.728131869977,-37.54522179701355,-736.9988549408507,0.0,11865500.00000001,0.0,2.0,0.0,95.0
2025-06-23 14:23:43,198.0,2025-07-18,0.0992063492063492,-58507177.37275546,3898807.5484164013,-37287.65071545881,-334544.65257111966,206085000.00000015,10421281300.000008,11.0,6147.0,1650.0,83437.0
2025-06-23 14:23:43,198.0,2025-07-11,0.07142857142857142,-1048929.3825777906,63916.66642686834,-694.5258591213912,-3182.0419749725843,7119300.000000006,179731100.00000012,69.0,8.0,57.0,1439.0
2025-06-23 14:23:43,198.0,2025-07-03,0.03968253968253968,-197210.18668534677,11605.215871163427,-142.23261004232936,-124.89455079360795,2872700.0000000023,34597300.00000002,12.0,8.0,23.0,277.0
2025-06-23 14:23:43,198.0,2025-06-26,0.011904761904761904,-4864.734278418198,282.4281062592995,-2.9705070822441417,1.6493258380798124,124900.00000000009,1373900.0000000012,1.0,7.0,1.0,11.0
2025-06-23 14:23:43,198.0,2025-06-23,0.001984126984126984,-221009.32425016796,6479.899070218242,-134.87679497514975,7.190952403908605,2997600.0000000023,522956300.00000036,3.0,2.0,24.0,4187.0
2025-06-23 14:23:43,199.0,2025-06-24,0.003968253968253968,-12675.579133949983,300.52940626536207,-7.105831676047086,0.4780907648261849,114900.00000000009,12983700.00000001,5.0,192.0,1.0,113.0
2025-06-23 14:23:43,199.0,2025-06-27,0.015873015873015872,-2527664.0002129045,50006.70607059778,-1416.7339977066592,-700.4452390899496,1608600.0000000012,427657800.00000036,10.0,532.0,14.0,3722.0
2025-06-23 14:23:43,199.0,2025-07-11,0.07142857142857142,-47601.88567190295,10271.37021130569,-60.82417376231929,174.1167416482537,4366200.000000004,11030400.00000001,7.0,2.0,38.0,96.0
2025-06-23 14:23:43,199.0,2025-07-03,0.03968253968253968,-213947.12132399142,12998.699708187687,-144.9238067762537,-141.92297191337144,2987400.0000000023,31712400.000000022,4.0,22.0,26.0,276.0
2025-06-23 14:23:43,199.0,2025-06-26,0.011904761904761904,-114912.39574014021,2980.8230518502387,-64.41779136215493,-5.418699125250509,689400.0000000006,24129000.00000002,6.0,16.0,6.0,210.0
2025-06-23 14:23:43,199.0,2025-08-01,0.15476190476190477,-11615.27349023526,1920.8348849728482,-10.140082640764936,-60.20843162423296,574500.0000000005,2527800.0000000023,2.0,10.0,5.0,22.0
2025-06-23 14:23:43,199.0,2025-06-30,0.027777777777777776,-878097.6749925422,80200.56054663948,-699.9043109366421,799.3978651982981,31597500.00000003,154195800.00000012,2.0,88.0,275.0,1342.0
2025-06-23 14:23:43,199.0,2025-06-25,0.007936507936507936,-30911.655796602812,353.08422832373816,-17.32606722006786,-2.8020685039315834,0.0,9651600.000000007,0.0,47.0,0.0,84.0
2025-06-23 14:23:43,199.0,2025-06-23,0.001984126984126984,-39293.41051500104,2134.8186782367006,-22.01151956042252,3.281951942918566,1034100.0000000007,69054900.00000004,1.0,159.0,9.0,601.0
2025-06-23 14:23:43,199.0,2025-07-25,0.12698412698412698,-43811.312506264294,4880.900284760732,-31.7186414472405,-262.94951738098666,1034100.0000000007,8043000.000000006,2.0,14.0,9.0,70.0
2025-06-23 14:23:43,199.0,2025-07-01,0.031746031746031744,-10082.068674260841,918.7716654518393,-8.262018141912204,7.547359659386563,344700.0000000003,1723500.0000000014,2.0,15.0,3.0,15.0
2025-06-23 14:23:43,199.0,2025-07-02,0.03571428571428571,-49308.43002700231,1570.362192678643,-27.67548881417637,-56.1500145395699,0.0,6664200.000000006,0.0,30.0,0.0,58.0
2025-06-23 14:23:43,199.0,2025-07-18,0.0992063492063492,-68273015.6041841,4452615.036973069,-39386.12974750731,-409184.6984137636,122828100.00000009,10532308500.000008,86.0,6330.0,1069.0,91665.0
2025-06-23 14:23:43,200.0,2025-07-18,0.0992063492063492,-132134633.21724972,10012780.78589065,-74804.15388720759,-730620.5612314946,888817700.0000007,18280188700.000015,246.0,9584.0,8473.0,174263.0
2025-06-23 14:23:43,200.0,2025-06-26,0.011904761904761904,-20066.464930541093,300.6282389118381,-10.251009855600067,-3.5794289857449284,0.0,3147000.000000003,0.0,125.0,0.0,30.0
2025-06-23 14:23:43,200.0,2025-06-25,0.007936507936507936,-268909.3439560755,3253.9527711614546,-137.33809580231585,-22.48262332860826,104900.00000000009,60422400.000000045,13.0,226.0,1.0,576.0
2025-06-23 14:23:43,200.0,2025-07-01,0.031746031746031744,-105027.16345468414,10927.698919561175,-87.93467235643908,95.88855074619629,3881300.0000000037,15525200.000000015,1.0,6.0,37.0,148.0
2025-06-23 14:23:43,200.0,2025-07-02,0.03571428571428571,-6599.600413228917,213.37818423160667,-3.377754154348668,-7.629642574863212,0.0,734300.0000000006,0.0,8.0,0.0,7.0
2025-06-23 14:23:43,200.0,2025-07-11,0.07142857142857142,-621380.1315297923,46216.655545939,-380.0686026301895,-1667.0472773472407,7343000.000000006,82451400.00000007,2.0,215.0,70.0,786.0
2025-06-23 14:23:43,200.0,2025-08-01,0.15476190476190477,-22247.465307265033,10699.286481677002,-41.26210726454666,403.8307291226364,4615600.000000005,7657700.000000007,2.0,48.0,44.0,73.0
2025-06-23 14:23:43,200.0,2025-06-27,0.015873015873015872,-5211281.8572218,140628.14329835537,-2660.651259944648,-976.4742540843497,19721200.00000002,665695400.0000006,14.0,2150.0,188.0,6346.0
2025-06-23 14:23:43,200.0,2025-06-30,0.027777777777777776,-4785405.024357155,324345.4453857619,-3168.0328607911615,1467.9446966752548,99864800.00000007,634015600.0000006,26.0,6789.0,952.0,6044.0
2025-06-23 14:23:43,200.0,2025-07-25,0.12698412698412698,-1885808.6095206533,138182.97456546698,-996.7811365819431,-16650.86855757151,2622500.0000000023,267599900.00000024,6.0,103.0,25.0,2551.0
2025-06-23 14:23:43,200.0,2025-06-24,0.003968253968253968,-99961.83113738103,2761.8301533553367,-51.06294602772814,5.746722097878148,1049000.000000001,80773000.00000007,11.0,499.0,10.0,770.0
2025-06-23 14:23:43,200.0,2025-06-23,0.001984126984126984,-188224.73724077235,11573.450596005716,-96.06726412900767,18.80158009339026,5245000.000000005,274628200.00000024,43.0,775.0,50.0,2618.0
2025-06-23 14:23:43,200.0,2025-07-03,0.03968253968253968,-5228034.716693323,220839.0943702742,-2820.2519280967203,-6613.3978035464015,16049700.000000015,599818200.0000005,2.0,319.0,153.0,5718.0
2025-06-23 14:23:43,201.0,2025-06-27,0.015873015873015872,-3882154.861480662,116973.99088871648,-1913.124958291905,-621.0231225039347,18315700.00000002,395353400.0000004,88.0,481.0,193.0,4166.0
2025-06-23 14:23:43,201.0,2025-07-02,0.03571428571428571,-183415.75007696098,6141.625765573689,-84.79081511956517,-219.60508399028507,0.0,16702400.000000017,0.0,175.0,0.0,176.0
2025-06-23 14:23:43,201.0,2025-07-11,0.07142857142857142,-718119.4762911395,45573.90173537957,-366.24821011628137,-2368.1327246367673,3701100.0000000037,77628200.00000007,42.0,120.0,39.0,818.0
2025-06-23 14:23:43,201.0,2025-06-23,0.001984126984126984,-99436.79411940754,48721.97244191199,-45.81568680139824,94.60846119765559,21732100.00000002,101827700.00000009,7.0,333.0,229.0,1073.0
2025-06-23 14:23:43,201.0,2025-07-18,0.0992063492063492,-46855524.5899574,3349818.2227164432,-23241.976829504067,-277363.1365035686,173382300.00000018,5473452400.000006,264.0,227.0,1827.0,57676.0
2025-06-23 14:23:43,201.0,2025-08-01,0.15476190476190477,60263.24155071772,16486.330669956995,-38.16527992651976,2280.4718828922564,9964500.00000001,1423500.0000000014,2.0,24.0,105.0,15.0
2025-06-23 14:23:43,201.0,2025-06-24,0.003968253968253968,-61907.66100684313,8831.743219857619,-28.545479925132362,31.776091673295227,3796000.0000000037,28659800.00000003,2.0,359.0,40.0,302.0
2025-06-23 14:23:43,201.0,2025-07-03,0.03968253968253968,-379519.02178975305,17736.45980818663,-192.5307494554496,-457.0962210941082,1708200.0000000014,36726300.00000004,21.0,17.0,18.0,387.0
2025-06-23 14:23:43,201.0,2025-06-25,0.007936507936507936,-73312.64370611141,804.5201205880855,-33.81654641748248,-6.384810331250957,0.0,12052300.000000011,0.0,823.0,0.0,127.0
2025-06-23 14:23:43,201.0,2025-06-26,0.011904761904761904,-69200.53850947849,1047.8554453362403,-31.92414297639222,-12.476469911486822,0.0,7971600.000000007,0.0,30.0,0.0,84.0
2025-06-23 14:23:43,201.0,2025-07-01,0.031746031746031744,-32644.495188677054,3728.399347874168,-27.590706191580487,33.23914637254665,1233700.0000000012,4175600.000000004,2.0,16.0,13.0,44.0
2025-06-23 14:23:43,201.0,2025-07-25,0.12698412698412698,-167126.18593145345,16154.108092763658,-93.2231920528969,-1251.328191409181,1992900.0000000019,22111700.00000002,1.0,33.0,21.0,233.0
2025-06-23 14:23:43,201.0,2025-06-30,0.027777777777777776,-1372480.8374723291,102532.24035512362,-924.3576962135962,481.29606956675934,29988400.00000003,154307400.00000015,1.0,122.0,316.0,1626.0
2025-06-23 14:23:43,202.0,2025-06-23,0.001984126984126984,-167322.0719269473,44143.44180860674,-68.83585305272224,84.48167509117549,17489400.00000002,135415500.00000015,95.0,721.0,206.0,1595.0
2025-06-23 14:23:43,202.0,2025-07-02,0.03571428571428571,-56277.91700683697,1919.1139447611195,-23.26114265525558,-68.62211308735365,0.0,4160100.000000004,13.0,91.0,1e-10,49.0
2025-06-23 14:23:43,202.0,2025-06-27,0.015873015873015872,-981940.6712539318,83302.63644280094,-631.9799975225819,505.9832136498955,24790800.000000026,92965500.0000001,3.0,450.0,292.0,1095.0
2025-06-23 14:23:43,202.0,2025-07-25,0.12698412698412698,-440077.65277907543,43925.679123665184,-224.66859543587054,-3341.9406951293895,5094000.000000006,50345700.00000005,3.0,3.0,60.0,593.0
2025-06-23 14:23:43,202.0,2025-06-30,0.027777777777777776,-10824975.382741416,373464.503857312,-4866.66671869836,-6138.906665575596,34724100.00000004,813511800.0000008,4.0,449.0,409.0,9582.0
2025-06-23 14:23:43,202.0,2025-06-24,0.003968253968253968,-158795.3255646523,18533.75897490123,-65.36571607695576,65.11056300988105,7046700.000000007,42789600.000000045,1.0,267.0,83.0,504.0
2025-06-23 14:23:43,202.0,2025-07-01,0.031746031746031744,30467.27483791858,6202.061907207086,-19.468572491364938,181.39576837461993,2801700.000000003,594300.0000000006,5.0,5.0,33.0,7.0
2025-06-23 14:23:43,202.0,2025-07-18,0.0992063492063492,-47194240.89141418,3718571.9191292957,-22160.325803806536,-267846.5749527574,289339200.0000003,4805934300.000005,267.0,327.0,3408.0,56607.0
2025-06-23 14:23:43,202.0,2025-08-01,0.15476190476190477,-760721.6631561699,62283.9975324444,-325.2291797512174,-9561.723729557209,254700.00000000026,85494300.00000009,1.0,36.0,3.0,1007.0
2025-06-23 14:23:43,202.0,2025-06-26,0.011904761904761904,-527161.5735415997,8712.008169988332,-217.14540973111446,-93.70867419959833,169800.00000000017,43468800.000000045,1.0,127.0,2.0,512.0
2025-06-23 14:23:43,202.0,2025-07-03,0.03968253968253968,-89670.14095008688,26537.691069773966,-139.22588697772352,416.9751673381557,9339000.00000001,16131000.000000017,10.0,47.0,110.0,190.0
2025-06-23 14:23:43,202.0,2025-06-25,0.007936507936507936,-52025.16722083192,2084.4967666338353,-21.4185454137528,6.844231661257544,594300.0000000006,5433600.000000006,7.0,527.0,7.0,64.0
2025-06-23 14:23:43,202.0,2025-07-11,0.07142857142857142,-2543659.048445952,140385.17420894466,-1080.7020552839222,-9425.857561800745,2377200.0000000023,222522900.00000024,38.0,32.0,28.0,2621.0
2025-06-23 14:23:43,202.5,2025-07-25,0.12698412698412698,-21995.00083426715,2622.2953333844353,-11.894122479540922,-147.70391636382556,399500.00000000047,2476900.000000003,1.0,1.0,5.0,31.0
2025-06-23 14:23:43,202.5,2025-08-01,0.15476190476190477,-1546.5343066088794,126.03778659805549,-0.620837198432286,-19.62339273533637,0.0,159800.00000000017,0.0,1.0,0.0,2.0
2025-06-23 14:23:43,202.5,2025-07-03,0.03968253968253968,-322126.4791285253,25503.940524053578,-182.71143791520285,-182.30600189055798,5033700.000000006,27006200.00000003,1.0,396.0,63.0,338.0
2025-06-23 14:23:43,203.0,2025-07-25,0.12698412698412698,-608963.6460132237,47175.18670354732,-234.48428840507228,-5614.098842376372,823900.000000001,54302500.00000006,1.0,212.0,11.0,725.0
2025-06-23 14:23:43,203.0,2025-07-03,0.03968253968253968,-1935052.8101791295,126404.4558679285,-923.0831754270707,-1852.701678933261,18200700.000000022,137291700.00000015,6.0,22.0,243.0,1833.0
2025-06-23 14:23:43,203.0,2025-06-25,0.007936507936507936,-121350.38023849986,1848.363533215014,-44.004334481285234,-7.9873366259614205,149800.00000000017,8688400.00000001,10.0,579.0,2.0,116.0
2025-06-23 14:23:43,203.0,2025-06-23,0.001984126984126984,-114439.19277003384,96268.43991416978,-41.45126932398457,189.04297808955286,34079500.000000045,59620400.00000007,6.0,1973.0,455.0,796.0
2025-06-23 14:23:43,203.0,2025-06-26,0.011904761904761904,-59602.04635549409,969.6903776970499,-21.62288301190284,-11.546198784474095,0.0,3520300.000000004,0.0,268.0,0.0,47.0
2025-06-23 14:23:43,203.0,2025-06-30,0.027777777777777776,-6211845.934231969,258525.12928903347,-2666.0661953628864,-3103.7646909144532,30634100.000000034,380641800.0000004,17.0,525.0,409.0,5082.0
2025-06-23 14:23:43,203.0,2025-06-24,0.003968253968253968,-308946.2784628641,13588.451399521096,-111.98435478142247,37.960094089472534,4119500.000000005,51381400.00000007,3.0,1419.0,55.0,686.0
2025-06-23 14:23:43,203.0,2025-07-18,0.0992063492063492,-70114020.14871469,4898732.270847401,-27020.62282295882,-441149.5418548358,118941200.00000013,5774265700.000007,229.0,260.0,1588.0,77093.0
2025-06-23 14:23:43,203.0,2025-07-02,0.03571428571428571,-448684.2073778814,15708.93343652857,-163.54848346703886,-561.7131553997216,0.0,26664400.000000034,0.0,111.0,0.0,356.0
2025-06-23 14:23:43,203.0,2025-08-01,0.15476190476190477,-7289.067082471087,1203.6796506762385,-4.371704980980634,-54.73456215659958,224700.00000000026,898800.000000001,2.0,108.0,3.0,12.0
2025-06-23 14:23:43,203.0,2025-07-01,0.031746031746031744,-108847.24719617455,12727.263361918149,-82.22369386613403,80.06884211348245,3295600.000000004,9587200.000000011,4.0,2.0,44.0,128.0
2025-06-23 14:23:43,203.0,2025-07-11,0.07142857142857142,-503244.7305797834,31400.088391989608,-199.8263391185332,-1812.117224012524,1498000.0000000019,37749600.000000045,108.0,3.0,20.0,504.0
2025-06-23 14:23:43,203.0,2025-06-27,0.015873015873015872,-1611932.0087334684,79587.39283328387,-781.2794871410496,8.779620581441009,15878800.00000002,104785100.00000013,26.0,10753.0,212.0,1399.0
2025-06-23 14:23:43,204.0,2025-07-11,0.07142857142857142,-17181.65793740486,15495.495344616644,-53.40952167571369,376.4738991381451,4543000.0000000065,5451600.000000007,3.0,46.0,70.0,84.0
2025-06-23 14:23:43,204.0,2025-06-30,0.027777777777777776,-2555483.1814744608,149865.84559001483,-1156.3147942886058,-714.0642473900218,23364000.000000034,135056900.00000018,3.0,362.0,360.0,2081.0
2025-06-23 14:23:43,204.0,2025-07-03,0.03968253968253968,-601359.6380338764,59328.233914571916,-331.96444050257014,-238.0601473210868,10903200.000000015,40497600.00000006,9.0,18.0,168.0,624.0
2025-06-23 14:23:43,204.0,2025-07-01,0.031746031746031744,-159081.65466966055,8521.970901095556,-65.2239587419294,-100.86122659101194,1038400.0000000014,8242300.000000011,6.0,12.0,16.0,127.0
2025-06-23 14:23:43,204.0,2025-07-02,0.03571428571428571,-697803.2660951241,29049.097136414555,-237.53369345896712,-817.1444966386721,1233100.0000000019,34072500.000000045,20.0,15.0,19.0,525.0
2025-06-23 14:23:43,204.0,2025-06-23,0.001984126984126984,-96009.36679608664,15307.181399695433,-30.078858237118805,28.93362071159456,4607900.0000000065,36344000.00000005,55.0,2724.0,71.0,560.0
2025-06-23 14:23:43,204.0,2025-07-18,0.0992063492063492,-67937290.50058591,4975422.5926181385,-23312.230722608994,-429122.5406627808,150373300.0000002,4669879500.000007,277.0,54.0,2317.0,71955.0
2025-06-23 14:23:43,204.0,2025-06-25,0.007936507936507936,-219825.3995476929,56192.29201916767,-68.94357271891889,402.6711232430884,16484600.000000022,10254200.000000015,247.0,897.0,254.0,158.0
2025-06-23 14:23:43,204.0,2025-08-01,0.15476190476190477,-13959.950991862186,1367.5433262226431,-5.0951690253421855,-169.67139203386066,64900.00000000009,1168200.0000000016,0.0,9.0,1.0,18.0
2025-06-23 14:23:43,204.0,2025-06-24,0.003968253968253968,-446963.2232063775,21461.441274317935,-140.11786404687496,61.847004301380714,5711200.000000008,41211500.00000006,48.0,2061.0,88.0,635.0
2025-06-23 14:23:43,204.0,2025-06-27,0.015873015873015872,-2399752.394977906,85346.71794461762,-898.357227893906,-489.58107596860634,9670100.000000013,109032000.00000016,24.0,800.0,149.0,1680.0
2025-06-23 14:23:43,204.0,2025-06-26,0.011904761904761904,-34208.19372614795,594.4496125726558,-10.733233990002587,-7.07831706482559,0.0,1427800.000000002,0.0,357.0,0.0,22.0
2025-06-23 14:23:43,204.0,2025-07-25,0.12698412698412698,-629587.963470043,49471.77408735578,-212.9786202521233,-5844.562162734303,843700.000000001,46533300.00000007,3.0,9.0,13.0,717.0
2025-06-23 14:23:43,205.0,2025-06-27,0.015873015873015872,-8832711.768802024,277538.54162184946,-2671.8266892791835,-2544.2387257296805,18391500.00000003,288115200.0000005,44.0,5700.0,335.0,5248.0
2025-06-23 14:23:43,205.0,2025-06-25,0.007936507936507936,-784042.1262787163,34828.43766841684,-207.66488057381474,111.1483452068206,6368400.00000001,23716800.00000004,24.0,955.0,116.0,432.0
2025-06-23 14:23:43,205.0,2025-06-30,0.027777777777777776,-14198358.916179601,1129178.1678089541,-6862.2222362592975,-1077.1587071071008,179687700.0000003,657098100.0000011,16.0,8361.0,3273.0,11969.0
2025-06-23 14:23:43,205.0,2025-07-25,0.12698412698412698,8523.30145550234,51980.67141728103,-122.20581414085048,2422.2289437489753,14164200.000000022,12791700.000000022,4.0,85.0,258.0,233.0
2025-06-23 14:23:43,205.0,2025-06-24,0.003968253968253968,-643288.4658402603,44190.50983638162,-170.24259700565696,138.70860003142528,10321200.000000017,29206800.000000045,51.0,3931.0,188.0,532.0
2025-06-23 14:23:43,205.0,2025-08-01,0.15476190476190477,-34039.299660315715,3080.604872681608,-10.064357181223446,-437.4017312325772,54900.00000000009,2250900.0000000037,4.0,50.0,1.0,41.0
2025-06-23 14:23:43,205.0,2025-07-01,0.031746031746031744,37226.59783912639,21251.19672942516,-82.21977925603238,392.0290497822254,5709600.000000009,4666500.000000008,8.0,329.0,104.0,85.0
2025-06-23 14:23:43,205.0,2025-07-02,0.03571428571428571,-172602.90390534693,7348.687325956828,-49.456431483651556,-218.0233915985092,219600.00000000035,6588000.000000011,8.0,27.0,4.0,120.0
2025-06-23 14:23:43,205.0,2025-06-23,0.001984126984126984,-3917796.69963839,29431.35170738319,-1036.433750891308,5.095908014981646,4172400.0000000075,824598000.0000013,258.0,16282.0,76.0,15020.0
2025-06-23 14:23:43,205.0,2025-07-03,0.03968253968253968,-841023.4985228474,78808.0037357875,-386.96413986238974,-591.7977491955705,11474100.000000019,44084700.000000075,109.0,708.0,209.0,803.0
2025-06-23 14:23:43,205.0,2025-06-26,0.011904761904761904,-11645.320476989582,3542.7097445460995,-16.745970053728243,25.95570916724173,823500.0000000014,1098000.0000000019,11.0,146.0,15.0,20.0
2025-06-23 14:23:43,205.0,2025-07-18,0.0992063492063492,-39283144.13625921,7196472.081801554,-22494.8412381693,-102334.1315705126,1214388000.0000021,3272973300.0000052,103.0,3244.0,22120.0,59617.0
2025-06-23 14:23:43,205.0,2025-07-11,0.07142857142857142,-7611261.776746068,482112.9312644918,-2225.072025919942,-29228.368689829138,14164200.000000022,372825900.0000006,56.0,180.0,258.0,6791.0
2025-06-23 14:23:43,206.0,2025-07-03,0.03968253968253968,-1737340.6979298897,85022.8781523425,-417.52870162564295,-2753.020816520298,2424600.000000005,53520800.000000104,121.0,336.0,54.0,1192.0
2025-06-23 14:23:43,206.0,2025-07-11,0.07142857142857142,-2577749.6086318893,193432.308919942,-692.7383655699789,-9564.855707259267,9698400.00000002,103808800.00000021,11.0,832.0,216.0,2312.0
2025-06-23 14:23:43,206.0,2025-06-25,0.007936507936507936,-1495617.1052826862,27716.18218547475,-345.89528944140733,-121.75685336312658,1391900.0000000028,30172800.00000006,18.0,425.0,31.0,672.0
2025-06-23 14:23:43,206.0,2025-07-25,0.12698412698412698,-520135.33458644943,87797.92966263849,-217.96379787138636,-3225.902557968345,10506600.000000022,33989300.00000007,14.0,53.0,234.0,757.0
2025-06-23 14:23:43,206.0,2025-06-24,0.003968253968253968,-672790.7464025206,20360.963964906532,-145.408731317891,41.15605852422929,3277700.0000000065,16253800.000000032,150.0,1967.0,73.0,362.0
2025-06-23 14:23:43,206.0,2025-08-01,0.15476190476190477,-214278.6606907334,19302.710020238697,-51.97784639480249,-2840.8406718101387,179600.00000000035,11135200.000000022,5.0,1.0,4.0,248.0
2025-06-23 14:23:43,206.0,2025-07-01,0.031746031746031744,43859.586526798674,6015.958750489142,-17.993203090040133,149.27387399443208,1571500.0000000033,493900.000000001,20.0,33.0,35.0,11.0
2025-06-23 14:23:43,206.0,2025-06-30,0.027777777777777776,-7132640.63965054,391834.0222062811,-2233.153720617399,-4002.680857860042,35291400.00000007,212556600.00000042,129.0,313.0,786.0,4734.0
2025-06-23 14:23:43,206.0,2025-07-02,0.03571428571428571,-68668.77763515849,5025.591125774754,-23.134226686541183,-62.1542721389561,493900.000000001,2424600.000000005,19.0,37.0,11.0,54.0
2025-06-23 14:23:43,206.0,2025-06-23,0.001984126984126984,-1186231.2325459204,19225.217192064105,-256.19158348302784,21.997531967428266,3232800.0000000065,92808300.00000018,747.0,11352.0,72.0,2067.0
2025-06-23 14:23:43,206.0,2025-07-18,0.0992063492063492,-4778112.212174164,1107612.2506316637,-2815.349042209614,-8507.154156432378,169722000.00000033,363959400.0000007,50.0,2312.0,3780.0,8106.0
2025-06-23 14:23:43,206.0,2025-06-27,0.015873015873015872,-2444079.319726672,169459.9674825672,-1001.5784003890224,-40.86669125074991,22629600.000000045,77362700.00000016,70.0,2136.0,504.0,1723.0
2025-06-23 14:23:43,206.0,2025-06-26,0.011904761904761904,39968.9407028718,14021.104019414899,-56.73929204314395,116.3442697106648,2963400.0000000056,2245000.000000004,8.0,220.0,66.0,50.0
2025-06-23 14:23:43,207.0,2025-07-01,0.031746031746031744,-352.57496858845116,9995.760034573155,-31.369484435533494,107.30111666970618,1605400.0000000042,1710100.0000000044,14.0,45.0,46.0,49.0
2025-06-23 14:23:43,207.0,2025-07-03,0.03968253968253968,-1363753.1959996345,150101.59025577462,-474.40483226826245,-1286.2159576293775,14762700.000000037,44357900.00000012,30.0,370.0,423.0,1271.0
2025-06-23 14:23:43,207.0,2025-06-23,0.001984126984126984,-6023993.59426228,44611.666991910024,-1009.9437884759283,10.894947028830494,4153100.0000000107,182806200.00000048,3500.0,18512.0,119.0,5238.0
2025-06-23 14:23:43,207.0,2025-07-11,0.07142857142857142,-483950.6715255907,45500.13964253347,-120.80032922504708,-1715.3869085670367,2826900.0000000075,15879500.000000041,57.0,31.0,81.0,455.0
2025-06-23 14:23:43,207.0,2025-06-24,0.003968253968253968,-564338.521825864,24226.57843019543,-94.64974879202603,57.55594905356709,3210800.0000000084,6770600.000000018,745.0,3019.0,92.0,194.0
2025-06-23 14:23:43,207.0,2025-07-25,0.12698412698412698,-616998.4730644933,51595.46960179141,-118.98413588771852,-6121.426716011702,488600.0000000013,21987000.00000006,2.0,105.0,14.0,630.0
2025-06-23 14:23:43,207.0,2025-06-27,0.015873015873015872,-7862897.837104194,259772.33198197384,-1523.2966225737719,-2944.846513923582,8376000.000000021,129618600.00000033,1190.0,780.0,240.0,3714.0
2025-06-23 14:23:43,207.0,2025-07-02,0.03571428571428571,299845.9128001591,42102.18936120987,-105.28441461585803,1053.9068380705316,8794800.000000022,3141000.000000008,39.0,67.0,252.0,90.0
2025-06-23 14:23:43,207.0,2025-08-01,0.15476190476190477,-183990.6872992887,18177.02926599595,-37.81893633702312,-2430.1852710472513,349000.00000000093,7398800.000000019,1.0,69.0,10.0,212.0
2025-06-23 14:23:43,207.0,2025-06-26,0.011904761904761904,-357464.5259375985,12277.603841421755,-79.98481304472458,-63.360107369405405,732900.0000000019,5723600.000000015,43.0,255.0,21.0,164.0
2025-06-23 14:23:43,207.0,2025-06-30,0.027777777777777776,-2093269.671642085,187617.85922204203,-762.6544064935466,-687.008317393806,19090300.00000005,57061500.00000015,210.0,1946.0,547.0,1635.0
2025-06-23 14:23:43,207.0,2025-07-18,0.0992063492063492,-8325180.631664856,1409480.7861653236,-3014.986573552703,-35766.791819661295,140332900.00000036,394370000.000001,320.0,1690.0,4021.0,11300.0
2025-06-23 14:23:43,207.0,2025-06-25,0.007936507936507936,-185027.66687056597,51720.960548163916,-241.31871969228814,213.98393971590838,7468600.000000019,9911600.000000026,402.0,1321.0,214.0,284.0
2025-06-23 14:23:43,207.5,2025-08-01,0.15476190476190477,-17524.900289337696,1552.4269879343954,-2.9017680823238043,-241.710995548397,0.0,568100.0000000017,0.0,13.0,0.0,19.0
2025-06-23 14:23:43,207.5,2025-07-03,0.03968253968253968,-45119.07464296995,4982.214047505648,-13.676455450528488,-47.55409559752526,418600.0000000013,1225900.0000000037,3.0,15.0,14.0,41.0
2025-06-23 14:23:43,207.5,2025-07-25,0.12698412698412698,-8279.089787202935,1068.053768532199,-1.9440187703736902,-71.29293753248015,59800.00000000018,299000.00000000093,21.0,41.0,2.0,10.0
2025-06-23 14:23:43,208.0,2025-07-11,0.07142857142857142,-1783159.0391621753,128601.87853213075,-261.2239445823962,-7514.176479091506,2315700.0000000084,35358000.00000013,297.0,476.0,93.0,1420.0
2025-06-23 14:23:43,208.0,2025-06-27,0.015873015873015872,-10785752.305937972,406168.19791860593,-1617.3458717693052,-4298.9189167150635,11727900.000000043,119644500.00000045,582.0,4880.0,471.0,4805.0
2025-06-23 14:23:43,208.0,2025-06-26,0.011904761904761904,-805125.5360872332,55945.231326414665,-228.02203648898035,-72.00778655289207,4083600.0000000144,11727900.000000043,244.0,1071.0,164.0,471.0
2025-06-23 14:23:43,208.0,2025-07-25,0.12698412698412698,-390392.1316743264,34244.13346216668,-57.297769521504115,-3955.0234844258225,323700.00000000116,9711000.000000035,151.0,344.0,13.0,390.0
2025-06-23 14:23:43,208.0,2025-06-25,0.007936507936507936,-632235.393428389,40773.6435098136,-199.42923597626674,17.999070511651695,3237000.0000000116,8366400.000000031,445.0,705.0,130.0,336.0
2025-06-23 14:23:43,208.0,2025-06-23,0.001984126984126984,-10700927.353014972,86296.30678539324,-1279.3446147761645,38.44949072513924,6249900.000000022,102886800.00000037,17704.0,33459.0,251.0,4132.0
2025-06-23 14:23:43,208.0,2025-06-30,0.027777777777777776,-4904133.0715477895,513622.4958994894,-1519.6328996624375,-2075.964230655477,39441600.00000015,98778300.00000036,377.0,594.0,1584.0,3967.0
2025-06-23 14:23:43,208.0,2025-07-01,0.031746031746031744,236835.12259554194,27006.042386307658,-57.61937050185002,581.2301782582801,4158300.0000000154,1419300.0000000051,45.0,120.0,167.0,57.0
2025-06-23 14:23:43,208.0,2025-07-03,0.03968253968253968,-257899.75412450754,68776.05870493961,-148.96402686744523,69.10811903423382,6673200.000000025,10532700.000000037,170.0,2880.0,268.0,423.0
2025-06-23 14:23:43,208.0,2025-07-18,0.0992063492063492,-1766573.2012944715,1598530.7511209222,-2292.6430516788682,20679.645398302964,178856700.00000063,207317400.00000075,540.0,445.0,7183.0,8326.0
2025-06-23 14:23:43,208.0,2025-08-01,0.15476190476190477,-29377.563039051216,5855.308171393364,-7.947890398531735,-291.0482025436997,398400.00000000146,1145400.0000000042,64.0,10.0,16.0,46.0
2025-06-23 14:23:43,208.0,2025-07-02,0.03571428571428571,-1082813.6097820846,46322.37701902804,-134.41299624946203,-1646.8870699640004,24900.00000000009,14740800.000000052,9.0,597.0,1.0,592.0
2025-06-23 14:23:43,208.0,2025-06-24,0.003968253968253968,-987888.9735601221,42155.609689448196,-242.9283630822528,54.36411532629783,3585600.000000013,9063600.000000034,3738.0,7803.0,144.0,364.0
2025-06-23 14:23:43,209.0,2025-06-27,0.015873015873015872,1966334.7368869912,705595.9574592037,-1379.1941998985476,3142.1893965904114,51703000.00000032,45936700.00000028,2370.0,1461.0,3470.0,3083.0
2025-06-23 14:23:43,209.0,2025-07-18,0.0992063492063492,-1048981.659583385,1153327.0380306542,-1090.7224522270244,10997.392331605231,78016400.00000048,87373600.00000054,712.0,1297.0,5236.0,5864.0
2025-06-23 14:23:43,209.0,2025-07-01,0.031746031746031744,47943.168090747495,27984.038839746157,-44.051884371040366,215.3561840757775,2056200.0000000123,1847600.0000000112,146.0,34.0,138.0,124.0
2025-06-23 14:23:43,209.0,2025-08-01,0.15476190476190477,-35419.40722399296,5476.091405370298,-5.138393933287122,-439.6476877379309,163900.000000001,700300.0000000043,12.0,13.0,11.0,47.0
2025-06-23 14:23:43,209.0,2025-06-25,0.007936507936507936,760339.6995047494,79028.71977859699,-217.95897481990238,291.7948292346994,6034500.000000037,4261400.000000026,1087.0,2567.0,405.0,286.0
2025-06-23 14:23:43,209.0,2025-06-24,0.003968253968253968,-77088.22072272678,48005.767861473374,-191.93250131266362,65.19900526086735,2905500.0000000177,3814400.0000000233,5132.0,1772.0,195.0,256.0
2025-06-23 14:23:43,209.0,2025-06-30,0.027777777777777776,-2950455.1635587714,254037.7094170628,-475.3406511408952,-2381.1302103954035,9834000.00000006,29949000.00000018,941.0,374.0,660.0,2010.0
2025-06-23 14:23:43,209.0,2025-06-23,0.001984126984126984,-7439016.6498207785,170653.04466116245,-532.9810371150227,233.57786271451383,10206500.000000063,16270800.000000099,38765.0,36225.0,685.0,1092.0
2025-06-23 14:23:43,209.0,2025-06-26,0.011904761904761904,-214507.24434549734,43497.37390331083,-105.64356798275915,20.452029696553183,2488300.0000000154,3918700.000000024,340.0,186.0,167.0,263.0
2025-06-23 14:23:43,209.0,2025-07-25,0.12698412698412698,-681304.8302812775,64281.61504876704,-69.05942677737866,-7032.897230134956,566200.0000000035,10057500.000000061,53.0,55.0,38.0,675.0
2025-06-23 14:23:43,209.0,2025-07-11,0.07142857142857142,-382567.08612801903,44205.19272997964,-52.368147493005395,-1514.7863454468802,1415500.0000000088,5498100.0000000335,134.0,119.0,95.0,369.0
2025-06-23 14:23:43,209.0,2025-07-02,0.03571428571428571,193281.339843989,19192.960803877173,-25.60486871348914,462.6468614876516,1922100.0000000116,536400.0000000033,43.0,69.0,129.0,36.0
2025-06-23 14:23:43,209.0,2025-07-03,0.03968253968253968,13047.332557671005,71637.45745601627,-94.70663785500656,500.4672332089483,5095800.000000032,5036200.000000031,156.0,171.0,342.0,338.0
2025-06-23 14:23:43,210.0,2025-06-24,0.003968253968253968,2021866.6241898888,90359.38529259452,-150.35792079595655,124.38020218995896,2337300.0000000433,1626800.0000000303,4798.0,2688.0,477.0,332.0
2025-06-23 14:23:43,210.0,2025-08-01,0.15476190476190477,195429.81441121784,29566.647753686033,-9.946831320123593,4028.4499238908934,1166200.0000000217,93100.00000000173,29.0,19.0,238.0,19.0
2025-06-23 14:23:43,210.0,2025-06-30,0.027777777777777776,-11853185.767241754,1537995.1859243205,-1057.8224601583024,-11775.278344083326,23632700.000000443,50332800.00000093,3580.0,1901.0,4823.0,10272.0
2025-06-23 14:23:43,210.0,2025-07-03,0.03968253968253968,14687604.685715422,1025744.5208696681,-513.1775290172214,35292.763972269175,40944400.00000076,3479000.0000000647,293.0,957.0,8356.0,710.0
2025-06-23 14:23:43,210.0,2025-07-01,0.031746031746031744,131581.82905819418,38085.293113366286,-23.7017524618431,267.58705850266824,989800.0000000184,759500.0000000141,202.0,107.0,202.0,155.0
2025-06-23 14:23:43,210.0,2025-07-18,0.0992063492063492,-4963708.609887034,13074800.624660589,-5707.481158115863,123603.12072473601,304035200.00000566,306847800.00000566,2040.0,1189.0,62048.0,62622.0
2025-06-23 14:23:43,210.0,2025-07-11,0.07142857142857142,-588902.4040180584,345673.10443821154,-162.1378702716031,-441.75989056765684,7242200.000000134,9055200.00000017,531.0,80.0,1478.0,1848.0
2025-06-23 14:23:43,210.0,2025-07-25,0.12698412698412698,298433.94979523885,58284.22617099823,-22.16590213856901,4783.531195275754,2023700.0000000375,539000.00000001,53.0,50.0,413.0,110.0
2025-06-23 14:23:43,210.0,2025-06-27,0.015873015873015872,-7274892.113628242,628252.2014665086,-471.4669000883856,-3617.5861263123793,8467200.000000156,21971600.000000406,2535.0,1635.0,1728.0,4484.0
2025-06-23 14:23:43,210.0,2025-06-23,0.001984126984126984,-13413527.630773224,366070.9768956717,-320.78566366537706,425.5303572072259,6757100.000000125,5130300.000000095,44226.0,30861.0,1379.0,1047.0
2025-06-23 14:23:43,210.0,2025-06-25,0.007936507936507936,-3290439.1387552507,169521.89848272927,-186.32970149610537,-574.5096890468158,1984500.0000000368,6355300.000000118,1070.0,455.0,405.0,1297.0
2025-06-23 14:23:43,210.0,2025-06-26,0.011904761904761904,-241453.39067305234,35604.4023833253,-31.187522865150296,-74.78184330469216,612500.0000000114,1082900.00000002,441.0,188.0,125.0,221.0
2025-06-23 14:23:43,210.0,2025-07-02,0.03571428571428571,838131.2969496031,92750.9215451011,-53.37899561617723,1697.1403374443148,2989000.0000000554,1156400.0000000214,345.0,92.0,610.0,236.0
2025-06-23 14:23:43,211.0,2025-07-03,0.03968253968253968,1999950.4489592365,164726.46987436037,53.59815689895082,4271.422235933483,6589199.999999882,1387199.9999999753,362.0,24.0,1292.0,272.0
2025-06-23 14:23:43,211.0,2025-06-23,0.001984126984126984,103714921.42480387,321496.9217704759,2695.092148369288,376.74107188414985,27371699.999999512,2539799.999999955,26236.0,5923.0,5367.0,498.0
2025-06-23 14:23:43,211.0,2025-07-25,0.12698412698412698,205226.1329271024,40155.99683324499,1.9204610172068846,3014.66159060667,1463699.999999974,423299.99999999243,27.0,7.0,287.0,83.0
2025-06-23 14:23:43,211.0,2025-08-01,0.15476190476190477,639.9686064137786,45600.075736145634,0.15779291092069925,830.5931105398372,1157699.9999999793,1050599.9999999814,9.0,11.0,227.0,206.0
2025-06-23 14:23:43,211.0,2025-07-01,0.031746031746031744,433549.9015052805,25013.333736450084,10.126144599303768,584.9358553854474,1065899.9999999811,158099.99999999718,25.0,34.0,209.0,31.0
2025-06-23 14:23:43,211.0,2025-07-18,0.0992063492063492,4559330.370822055,1895616.7743876288,181.01018465809364,51997.87819339248,56135699.999999,34868699.99999938,1323.0,330.0,11007.0,6837.0
2025-06-23 14:23:43,211.0,2025-06-27,0.015873015873015872,1226726.3482492738,224511.8501478944,143.71538795232075,311.9029135853509,6196499.999999889,4783799.999999915,1083.0,245.0,1215.0,938.0
2025-06-23 14:23:43,211.0,2025-06-25,0.007936507936507936,2401672.079924342,83877.87872451023,94.76431610586275,282.0676853506583,3212999.9999999427,1086299.9999999807,829.0,248.0,630.0,213.0
2025-06-23 14:23:43,211.0,2025-06-24,0.003968253968253968,2382629.6292981314,65776.20038871373,122.14322414092442,42.12952788056134,2269499.9999999595,1183199.9999999788,2692.0,423.0,445.0,232.0
2025-06-23 14:23:43,211.0,2025-06-26,0.011904761904761904,393819.17963610543,41464.71046302041,33.344524373437324,60.527844001282574,1208699.9999999786,836399.9999999851,295.0,19.0,237.0,164.0
2025-06-23 14:23:43,211.0,2025-07-11,0.07142857142857142,668155.1273304186,75725.07695473751,12.797116351117445,3687.969445571905,2998799.9999999464,601799.9999999893,43.0,6.0,588.0,118.0
2025-06-23 14:23:43,211.0,2025-06-30,0.027777777777777776,1127855.737571569,150032.58798730123,68.12068584052666,1030.2522882226795,4630799.999999917,2692799.999999952,292.0,39.0,908.0,528.0
2025-06-23 14:23:43,211.0,2025-07-02,0.03571428571428571,7383.521436086652,4410.7856201566265,1.579050700729411,6.887567120202974,112199.99999999799,101999.99999999818,4.0,15.0,22.0,20.0
2025-06-23 14:23:43,212.0,2025-07-02,0.03571428571428571,667950.6906647901,31150.84770908379,46.365132306870294,1005.3303109473829,4756499.999999972,196299.9999999988,21.0,2.0,315.0,13.0
2025-06-23 14:23:43,212.0,2025-08-01,0.15476190476190477,-100029.26052405177,36009.644756098,15.507523560945202,-1276.186803463981,1947899.9999999884,3261599.9999999804,7.0,11.0,129.0,216.0
2025-06-23 14:23:43,212.0,2025-07-25,0.12698412698412698,-133063.99944047065,37944.94718889851,19.733801931169317,-1401.789947810088,1917699.9999999884,3548499.999999979,55.0,4.0,127.0,235.0
2025-06-23 14:23:43,212.0,2025-07-11,0.07142857142857142,-249301.80502102795,51428.58307472548,42.0729536493717,-1362.9792839988954,2415999.9999999856,4877299.999999971,23.0,18.0,160.0,323.0
2025-06-23 14:23:43,212.0,2025-07-03,0.03968253968253968,778219.3009204151,53475.409567035706,68.86495002420729,1434.6551903721847,7051699.999999958,1147599.999999993,283.0,13.0,467.0,76.0
2025-06-23 14:23:43,212.0,2025-07-18,0.0992063492063492,-3047911.144581413,1653489.171670305,1061.7916542675134,-23013.543165462936,103132999.99999937,133906799.99999921,414.0,231.0,6830.0,8868.0
2025-06-23 14:23:43,212.0,2025-07-01,0.031746031746031744,309705.9467669027,13712.913581126038,22.63897574455835,368.5195124011352,2068699.9999999877,135899.99999999919,203.0,10.0,137.0,9.0
2025-06-23 14:23:43,212.0,2025-06-30,0.027777777777777776,7745317.109368938,393127.2272344987,715.9258678381378,6538.4427088176235,52653699.99999969,10041499.999999939,3317.0,8.0,3487.0,665.0
2025-06-23 14:23:43,212.0,2025-06-25,0.007936507936507936,1526623.2347175472,35421.36732718302,146.6059297143774,127.5069474936839,5556799.9999999665,1102299.9999999935,353.0,31.0,368.0,73.0
2025-06-23 14:23:43,212.0,2025-06-23,0.001984126984126984,11533714.904140407,85441.17984318174,1155.793943868174,-65.53758330501938,46447599.99999972,5722899.999999966,7596.0,1302.0,3076.0,379.0
2025-06-23 14:23:43,212.0,2025-06-26,0.011904761904761904,464622.8616355127,36063.47051573383,95.52982924913226,12.259665350259581,3548499.999999979,2083799.9999999877,212.0,88.0,235.0,138.0
2025-06-23 14:23:43,212.0,2025-06-27,0.015873015873015872,-3455384.6250682864,491537.9205032687,929.5917195203572,-3623.456951270136,23465399.99999986,44091999.99999973,3188.0,1199.0,1554.0,2920.0
2025-06-23 14:23:43,212.0,2025-06-24,0.003968253968253968,5441626.819274117,48959.546507808445,414.2942640226018,145.99624803833615,12834999.999999924,634199.9999999962,3696.0,501.0,850.0,42.0
2025-06-23 14:23:43,212.5,2025-07-25,0.12698412698412698,209971.01816148692,27089.168546269895,20.783000775885036,2624.37056494983,4622999.999999979,602999.9999999973,12.0,2.0,230.0,30.0
2025-06-23 14:23:43,212.5,2025-07-03,0.03968253968253968,535364.9387053064,46985.243819448624,83.80338819157834,837.5092574247313,7517399.9999999665,2190899.99999999,5.0,1.0,374.0,109.0
2025-06-23 14:23:43,212.5,2025-08-01,0.15476190476190477,10164.002260075342,1585.5947602149201,1.0228082962975904,180.42249587551777,261299.9999999988,40199.99999999982,11.0,0.0,13.0,2.0
2025-06-23 14:23:43,213.0,2025-07-03,0.03968253968253968,190019.5107428509,43686.15088838593,94.35702471738377,50.05624536263804,6551099.999999976,4317199.999999984,41.0,6.0,261.0,172.0
2025-06-23 14:23:43,213.0,2025-08-01,0.15476190476190477,34927.31514800984,3834.388994191732,3.338827637052061,593.3415043663431,928699.9999999967,0.0,54.0,0.0,37.0,0.0
2025-06-23 14:23:43,213.0,2025-06-23,0.001984126984126984,-3922118.454219266,220530.61442161267,831.5088128438933,-425.9523390563703,35340799.99999987,31927199.999999885,2507.0,215.0,1408.0,1272.0
2025-06-23 14:23:43,213.0,2025-07-01,0.031746031746031744,291444.53815855115,9942.120589634616,32.48346297276142,315.57310774857643,3087299.999999989,0.0,5.0,0.0,123.0,0.0
2025-06-23 14:23:43,213.0,2025-06-27,0.015873015873015872,2960267.218156345,108484.95601361916,476.4585612307803,789.7618216730407,28739499.999999896,5421599.99999998,662.0,16.0,1145.0,216.0
2025-06-23 14:23:43,213.0,2025-06-30,0.027777777777777776,51701113.80522627,1714620.1823983206,6306.918541901028,40488.01907396198,516156399.99999815,24823899.999999914,3576.0,19.0,20564.0,989.0
2025-06-23 14:23:43,213.0,2025-07-11,0.07142857142857142,87591.8723804215,27422.03840155448,41.69153811252023,247.92482828513823,4116399.9999999856,2585299.9999999907,20.0,3.0,164.0,103.0
2025-06-23 14:23:43,213.0,2025-06-24,0.003968253968253968,2025621.6828063054,27203.665915023365,320.15867378015133,-2.01764660480638,14256799.999999948,2133499.9999999925,817.0,119.0,568.0,85.0
2025-06-23 14:23:43,213.0,2025-06-26,0.011904761904761904,772318.2285420855,17647.533572606342,105.80746503989668,132.55935211728135,5923599.999999979,577299.9999999979,157.0,1.0,236.0,23.0
2025-06-23 14:23:43,213.0,2025-07-18,0.0992063492063492,5580888.167783364,1456237.8223167658,1782.1187458570103,40068.11327596093,237521299.9999991,117367599.99999958,280.0,12.0,9463.0,4676.0
2025-06-23 14:23:43,213.0,2025-07-02,0.03571428571428571,-15606.01430808719,3616.365870800728,7.6090847518256535,-57.701782751762885,301199.9999999989,527099.9999999981,5.0,21.0,12.0,21.0
2025-06-23 14:23:43,213.0,2025-06-25,0.007936507936507936,3236590.2581956214,50879.5890568433,432.4603196914703,244.68933537556188,21109099.999999925,1681699.9999999937,178.0,205.0,841.0,67.0
2025-06-23 14:23:43,213.0,2025-07-25,0.12698412698412698,277837.201286523,29275.438162433016,30.267803846401005,3326.853307643984,6877399.999999975,351399.9999999987,11.0,1.0,274.0,14.0
2025-06-23 14:23:43,214.0,2025-06-24,0.003968253968253968,1285650.4707894344,9393.123103490974,226.7043146087655,16.378167729931025,20322899.999999948,526499.9999999986,1447.0,46.0,579.0,15.0
2025-06-23 14:23:43,214.0,2025-06-27,0.015873015873015872,2186114.2018465316,101630.99735904785,591.2834228992982,241.42510565712053,36819899.99999991,10284299.999999974,502.0,33.0,1049.0,293.0
2025-06-23 14:23:43,214.0,2025-06-23,0.001984126984126984,821605.9605347211,29215.18746848312,289.11564510491974,-45.95827136617404,78097499.9999998,5229899.999999986,761.0,182.0,2225.0,149.0
2025-06-23 14:23:43,214.0,2025-07-18,0.0992063492063492,-5064928.016727147,1653008.5166097851,2822.1459750329304,-58434.828373165976,202667399.99999946,331694999.9999991,204.0,2.0,5774.0,9450.0
2025-06-23 14:23:43,214.0,2025-06-25,0.007936507936507936,782175.8965369124,27501.56739928404,226.03900639205008,-42.31510130982082,12004199.99999997,3545099.9999999907,992.0,46.0,342.0,101.0
2025-06-23 14:23:43,214.0,2025-08-01,0.15476190476190477,17527.14242149928,3358.6812936243414,4.488077262450128,276.2586629689048,912599.9999999977,245699.99999999936,13.0,3.0,26.0,7.0
2025-06-23 14:23:43,214.0,2025-07-03,0.03968253968253968,507681.9575616639,26100.483949130048,97.19165541090344,730.6157819192209,10178999.999999974,1017899.9999999974,106.0,8.0,290.0,29.0
2025-06-23 14:23:43,214.0,2025-07-25,0.12698412698412698,-410741.70356346533,62179.75067723416,89.79677421084023,-5343.561149431192,3720599.9999999907,15865199.999999959,18.0,1.0,106.0,452.0
2025-06-23 14:23:43,214.0,2025-07-11,0.07142857142857142,-871304.4454879665,99799.9080275946,191.6544082699047,-5478.211348716118,4703399.999999988,25061399.999999937,137.0,16.0,134.0,714.0
2025-06-23 14:23:43,214.0,2025-06-30,0.027777777777777776,13451717.322977211,426172.74356272636,2386.757943627087,9043.074733438818,202702499.9999995,12600899.999999968,321.0,11.0,5775.0,359.0
2025-06-23 14:23:43,214.0,2025-06-26,0.011904761904761904,623811.0621576231,14501.371053360299,125.27342554688508,73.92372494054325,8002799.9999999795,947699.9999999974,144.0,220.0,228.0,27.0
2025-06-23 14:23:43,214.0,2025-07-01,0.031746031746031744,191233.92936129202,5840.201857131034,30.232046640500645,185.37099641122938,2948399.9999999925,0.0,4.0,0.0,84.0,0.0
2025-06-23 14:23:43,214.0,2025-07-02,0.03571428571428571,199531.7065082288,9155.141834072321,38.77046805404646,212.0961623963238,3650399.9999999907,421199.9999999989,11.0,12.0,104.0,12.0
2025-06-23 14:23:43,215.0,2025-07-18,0.0992063492063492,13242423.392361447,4136887.2755219443,9940.603863089942,40332.726177110686,1186986899.9999976,673839099.9999986,743.0,24.0,26319.0,14941.0
2025-06-23 14:23:43,215.0,2025-08-01,0.15476190476190477,217121.67488295902,25958.64289325515,48.572900667120344,3253.756305594113,11229899.999999978,947099.9999999981,33.0,11.0,249.0,21.0
2025-06-23 14:23:43,215.0,2025-06-24,0.003968253968253968,1009086.4517663291,13629.265480062226,260.9904943004729,-13.704636349445753,44829399.99999991,2119699.999999996,935.0,10.0,994.0,47.0
2025-06-23 14:23:43,215.0,2025-06-25,0.007936507936507936,927939.7935865724,12640.733889702627,218.47655928714562,38.014473257041885,19798899.99999996,1037299.9999999978,1476.0,9.0,439.0,23.0
2025-06-23 14:23:43,215.0,2025-07-02,0.03571428571428571,20297.043814188302,625.3151515125302,4.137850053444161,22.328559467067915,450999.99999999907,0.0,20.0,0.0,10.0,0.0
2025-06-23 14:23:43,215.0,2025-06-23,0.001984126984126984,259109.8484321211,22715.06618580447,174.89740042964377,-38.99579334665326,66116599.99999987,5276699.999999989,372.0,125.0,1466.0,117.0
2025-06-23 14:23:43,215.0,2025-07-01,0.031746031746031744,211750.75909190203,7073.783912573624,48.199931181407834,168.56105527801387,4735499.999999991,270599.9999999995,55.0,6.0,105.0,6.0
2025-06-23 14:23:43,215.0,2025-07-03,0.03968253968253968,33845427.49146722,1232214.9464116986,6950.232875299858,48130.29150914518,818474799.9999983,3066799.999999994,179.0,2.0,18148.0,68.0
2025-06-23 14:23:43,215.0,2025-06-27,0.015873015873015872,33210401.78957074,653036.6862028469,7214.555579611352,8814.675501022035,629280299.9999988,14071199.99999997,6202.0,6.0,13953.0,312.0
2025-06-23 14:23:43,215.0,2025-06-30,0.027777777777777776,84029947.37094185,4213365.871617852,26771.944332376224,23980.477950294393,2133094699.9999955,502413999.999999,1545.0,57.0,47297.0,11140.0
2025-06-23 14:23:43,215.0,2025-07-11,0.07142857142857142,1076578.6350636191,66000.26185752239,232.87392662992318,4078.458743888416,34772099.99999993,1533399.999999997,125.0,6.0,771.0,34.0
2025-06-23 14:23:43,215.0,2025-07-25,0.12698412698412698,749659.8002721018,72499.76160506427,161.53665171547834,7822.311599273924,33328899.99999993,2029499.999999996,108.0,3.0,739.0,45.0
2025-06-23 14:23:43,215.0,2025-06-26,0.011904761904761904,874707.9894828078,13081.048550897367,190.84560236866878,124.63061396262157,16235999.999999968,360799.9999999993,273.0,2.0,360.0,8.0
2025-06-23 14:23:43,216.0,2025-07-18,0.0992063492063492,12657021.477522178,932137.463798342,3300.547329803214,80946.812128192,598165599.999999,24354199.99999996,144.0,20.0,10856.0,442.0
2025-06-23 14:23:43,216.0,2025-06-26,0.011904761904761904,174202.48830742322,3025.7721555952767,49.674611632406986,15.737714198034185,5289599.999999992,275499.99999999953,19.0,1.0,96.0,5.0
2025-06-23 14:23:43,216.0,2025-07-11,0.07142857142857142,430654.671083771,24624.216070740244,114.69091778960866,1483.5475932311247,17246299.99999997,771399.9999999987,37.0,3.0,313.0,14.0
2025-06-23 14:23:43,216.0,2025-08-01,0.15476190476190477,223634.77016089752,21123.18175712515,52.363502820636576,3230.6898701302375,12893399.999999978,55099.99999999991,13.0,1.0,234.0,1.0
2025-06-23 14:23:43,216.0,2025-06-30,0.027777777777777776,4469332.07146431,122081.7868868246,1242.0607974988877,2295.7207648099356,128382999.99999979,6887499.999999989,258.0,2.0,2330.0,125.0
2025-06-23 14:23:43,216.0,2025-06-24,0.003968253968253968,473003.2492385638,6526.005064974177,145.06263639988657,-7.70914205043735,47661499.999999925,1267299.999999998,901.0,2.0,865.0,23.0
2025-06-23 14:23:43,216.0,2025-07-25,0.12698412698412698,150872.98056173668,12404.229010134713,36.545275568470494,1510.5710991365931,7824199.999999987,110199.99999999983,33.0,5.0,142.0,2.0
2025-06-23 14:23:43,216.0,2025-07-02,0.03571428571428571,2033.274539117047,257.2483836330061,1.37414241782469,-1.5504335618906646,110199.99999999983,55099.99999999991,60.0,0.0,2.0,1.0
2025-06-23 14:23:43,216.0,2025-06-27,0.015873015873015872,7989170.41608425,131755.08452015306,2061.3068615313878,1960.2652196812164,216653199.99999964,1377499.999999998,540.0,7.0,3932.0,25.0
2025-06-23 14:23:43,216.0,2025-07-03,0.03968253968253968,2419631.6800823295,86386.1653017886,628.86791324237,3098.2513131366027,77029799.99999987,1542799.9999999974,161.0,2.0,1398.0,28.0
2025-06-23 14:23:43,216.0,2025-06-23,0.001984126984126984,151982.53615304112,5689.7617761343645,66.20412080702232,-8.614953995082228,42426999.99999993,1487699.9999999974,147.0,2.0,770.0,27.0
2025-06-23 14:23:43,216.0,2025-07-01,0.031746031746031744,132798.40919842303,3547.5076242978066,34.233408626242564,102.73504585238358,3801899.9999999935,55099.99999999991,4.0,1.0,69.0,1.0
2025-06-23 14:23:43,216.0,2025-06-25,0.007936507936507936,12132064.064722195,114089.35355367197,3192.6333745161146,688.7928542942357,443389699.9999993,4297799.999999993,654.0,37.0,8047.0,78.0
2025-06-23 14:23:43,217.0,2025-07-02,0.03571428571428571,11994.199948089976,314.7343385820749,3.5535962045424676,11.238084176359523,455699.99999999936,0.0,2.0,0.0,7.0,0.0
2025-06-23 14:23:43,217.0,2025-06-24,0.003968253968253968,-4168.455463229358,16230.391434387728,82.54165007122046,-59.73915809694444,25974899.999999963,5468399.999999993,117.0,0.0,399.0,84.0
2025-06-23 14:23:43,217.0,2025-07-01,0.031746031746031744,85463.2284359579,1998.7925028113418,25.383455022722785,63.439473008183654,3189899.999999996,0.0,8.0,0.0,49.0,0.0
2025-06-23 14:23:43,217.0,2025-06-27,0.015873015873015872,17224377.606837142,257830.58722777656,5190.586253486194,4075.2611630669885,670529999.9999992,195299.99999999974,460.0,1.0,10300.0,3.0
2025-06-23 14:23:43,217.0,2025-06-23,0.001984126984126984,142885.3645084584,1114.359018886225,46.329471761295366,-0.05741458419073431,51819599.99999993,195299.99999999974,33.0,9.0,796.0,3.0
2025-06-23 14:23:43,217.0,2025-07-18,0.0992063492063492,4412309.620626916,297893.6779984994,1333.6232018814765,26658.931651233568,246989399.99999967,6900599.99999999,161.0,42.0,3794.0,106.0
2025-06-23 14:23:43,217.0,2025-07-11,0.07142857142857142,384277.5359237093,53263.91159881215,244.27207713304028,387.31269117650527,28904399.99999996,10806599.999999985,73.0,10.0,444.0,166.0
2025-06-23 14:23:43,217.0,2025-07-03,0.03968253968253968,205558.54469149883,31503.30247153144,177.53317960304815,-288.71545005939566,15819299.999999978,8072399.999999989,110.0,1.0,243.0,124.0
2025-06-23 14:23:43,217.0,2025-08-01,0.15476190476190477,14342.534233821749,1276.927373445377,3.977722545263455,197.5898476159386,976499.9999999986,0.0,25.0,0.0,15.0,0.0
2025-06-23 14:23:43,217.0,2025-06-26,0.011904761904761904,971759.8676789383,11591.248691033412,297.51141052124336,121.46720785590318,43747199.99999994,260399.99999999965,186.0,4.0,672.0,4.0
2025-06-23 14:23:43,217.0,2025-06-30,0.027777777777777776,2537674.106121309,91916.55756479342,963.8113786091767,660.0515243637396,106763999.99999987,13475699.999999983,667.0,1.0,1640.0,207.0
2025-06-23 14:23:43,217.0,2025-06-25,0.007936507936507936,285900.4546025884,2644.3648316541626,88.63021724927893,15.231706741126807,17967599.999999974,130199.99999999983,480.0,0.0,276.0,2.0
2025-06-23 14:23:43,217.0,2025-07-25,0.12698412698412698,-36491.37707316602,23995.02487428782,68.07783520128189,-1080.5549559971096,6314699.999999992,8007299.999999989,57.0,1.0,97.0,123.0
2025-06-23 14:23:43,217.5,2025-08-01,0.15476190476190477,4691.163845184283,626.2594137793644,2.025815754852037,56.559306937715505,420599.9999999995,70099.99999999991,2.0,1.0,6.0,1.0
2025-06-23 14:23:43,217.5,2025-07-03,0.03968253968253968,246337.16038172063,7278.245177368807,78.60202832045834,288.7578465682826,10935599.999999985,0.0,20.0,0.0,156.0,0.0
2025-06-23 14:23:43,217.5,2025-07-25,0.12698412698412698,215593.69829476217,15682.619677260398,65.31150538123738,1991.1221534949218,14160199.999999983,0.0,80.0,0.0,202.0,0.0
2025-06-23 14:23:43,218.0,2025-06-30,0.027777777777777776,2423584.507959056,83479.76229855885,1032.707077238723,506.77943993312704,135480399.99999985,14494299.999999983,80.0,4.0,1804.0,193.0
2025-06-23 14:23:43,218.0,2025-06-24,0.003968253968253968,283289.9931756968,1788.6744665649612,101.00796156399973,4.067518388963469,81558599.9999999,150199.99999999983,87.0,3.0,1086.0,2.0
2025-06-23 14:23:43,218.0,2025-06-23,0.001984126984126984,150197.11927923202,610.0254664448339,52.64896769317127,1.2097754124205902,81483499.99999991,0.0,20.0,76.0,1085.0,1e-10
2025-06-23 14:23:43,218.0,2025-08-01,0.15476190476190477,49977.47026994719,4164.044835897593,16.06579632196628,644.3337291698593,3905199.999999996,0.0,36.0,0.0,52.0,0.0
2025-06-23 14:23:43,218.0,2025-07-18,0.0992063492063492,1368455.0764545898,178606.53579754243,819.2327554346037,4725.78092837017,123389299.99999987,34320699.99999996,241.0,1.0,1643.0,457.0
2025-06-23 14:23:43,218.0,2025-07-03,0.03968253968253968,272021.89157787844,10434.561711756074,106.06866063496761,246.07741758190141,14494299.999999983,976299.999999999,81.0,1.0,193.0,13.0
2025-06-23 14:23:43,218.0,2025-06-26,0.011904761904761904,41837.05960777283,634.9769899329661,15.60394818953319,3.33768316176433,3003999.9999999963,75099.99999999991,4.0,0.0,40.0,1.0
2025-06-23 14:23:43,218.0,2025-06-27,0.015873015873015872,774913.8527054549,12922.270038497501,280.5690086745537,144.21340478453237,44534299.99999995,826099.999999999,262.0,2.0,593.0,11.0
2025-06-23 14:23:43,218.0,2025-07-01,0.031746031746031744,98060.29682544482,2119.6574014967014,33.62489874230065,67.27439537093368,4806399.999999994,0.0,39.0,0.0,64.0,0.0
2025-06-23 14:23:43,218.0,2025-06-25,0.007936507936507936,54578.24239868783,809.0011087884237,21.087512281019343,0.5962152195589656,6007999.999999993,150199.99999999983,763.0,34.0,80.0,2.0
2025-06-23 14:23:43,218.0,2025-07-11,0.07142857142857142,464639.3982949217,22372.882242244603,163.66068589482228,1404.580214006311,26735599.999999966,675899.9999999992,21.0,7.0,356.0,9.0
2025-06-23 14:23:43,218.0,2025-07-02,0.03571428571428571,18404.722699890233,452.35212025425494,6.298780691521713,16.151692884915917,901199.999999999,0.0,5.0,0.0,12.0,0.0
2025-06-23 14:23:43,218.0,2025-07-25,0.12698412698412698,-111475.64306867548,36864.073715750346,114.02862092657561,-2525.9421393306516,8561399.99999999,15470599.999999983,93.0,4.0,114.0,206.0
2025-06-23 14:23:43,219.0,2025-06-26,0.011904761904761904,6204.955078271631,259.4089192817704,3.4871442882005255,-1.2049179807222328,765899.9999999992,85099.99999999991,12.0,24.0,9.0,1.0
2025-06-23 14:23:43,219.0,2025-06-30,0.027777777777777776,1533021.3903787623,70863.92866114157,828.7015480351765,-157.95680162658414,122714199.99999988,18721999.99999998,25.0,1.0,1442.0,220.0
2025-06-23 14:23:43,219.0,2025-07-25,0.12698412698412698,96475.60415279509,6728.2198930179875,36.581803875354176,817.9624272250501,7999399.999999992,85099.99999999991,24.0,4.0,94.0,1.0
2025-06-23 14:23:43,219.0,2025-06-25,0.007936507936507936,25147.126480599338,1164.4666040913587,15.053382410864254,-5.328394822513124,5105999.999999994,425499.99999999953,9.0,1.0,60.0,5.0
2025-06-23 14:23:43,219.0,2025-07-01,0.031746031746031744,69065.55009261277,1431.788570190742,26.853498048293368,45.44190223965553,4425199.999999995,0.0,2.0,0.0,52.0,0.0
2025-06-23 14:23:43,219.0,2025-06-24,0.003968253968253968,5480.641959266634,222.42215258036077,3.084559617685872,-0.6449211089899166,4850699.999999995,85099.99999999991,13.0,10.0,57.0,1.0
2025-06-23 14:23:43,219.0,2025-07-18,0.0992063492063492,5769835.500297988,319162.0557602358,2170.8189274060755,31539.163474003395,429840099.9999995,340399.99999999965,819.0,2.0,5051.0,4.0
2025-06-23 14:23:43,219.0,2025-07-02,0.03571428571428571,20307.052660572746,469.3793561481073,7.878897685434142,16.75940597315741,1276499.9999999986,0.0,15.0,0.0,15.0,0.0
2025-06-23 14:23:43,219.0,2025-06-23,0.001984126984126984,35240.15725703919,1555.3629245918992,20.137140015024983,-2.3101538223222966,30891299.999999966,595699.9999999994,28.0,11.0,363.0,7.0
2025-06-23 14:23:43,219.0,2025-08-01,0.15476190476190477,15085.69491475755,1212.1265093199293,5.536822219819137,187.56024939178653,1361599.9999999986,0.0,16.0,0.0,16.0,0.0
2025-06-23 14:23:43,219.0,2025-07-03,0.03968253968253968,934997.9133137099,28436.26233896416,380.0442931431144,902.7260477467963,59825299.99999993,1446699.9999999986,15.0,3.0,703.0,17.0
2025-06-23 14:23:43,219.0,2025-06-27,0.015873015873015872,9007699.151466824,135863.37249603233,3619.800129942479,1732.9239912606322,726243399.9999993,6382499.9999999935,201.0,1.0,8534.0,75.0
2025-06-23 14:23:43,219.0,2025-07-11,0.07142857142857142,462477.586262214,41674.697238354194,277.2453153648402,615.3333502104056,40082099.999999955,9020599.99999999,102.0,1.0,471.0,106.0
2025-06-23 14:23:43,220.0,2025-06-23,0.001984126984126984,206248.74052610746,1239.1799143668864,92.10281272735874,1.6865545226169125,189914699.99999985,95099.99999999991,1.0,14.0,1997.0,1.0
2025-06-23 14:23:43,220.0,2025-06-24,0.003968253968253968,31296.74008901484,1342.0209688083037,19.29266326713162,-3.852324492924388,36328199.99999996,570599.9999999994,41.0,6.0,382.0,6.0
2025-06-23 14:23:43,220.0,2025-08-01,0.15476190476190477,90848.03880163965,6988.108618891097,37.424294903377266,1081.308730389083,9319799.99999999,0.0,72.0,0.0,98.0,0.0
2025-06-23 14:23:43,220.0,2025-07-01,0.031746031746031744,53384.57001272038,4046.256316266045,39.04794063548371,-39.297002979486415,5991299.999999994,1426499.9999999986,14.0,34.0,63.0,15.0
2025-06-23 14:23:43,220.0,2025-07-03,0.03968253968253968,10148788.134311339,263596.4044531813,4412.842612790501,10267.986015364815,794845799.9999993,1331399.9999999988,190.0,17.0,8358.0,14.0
2025-06-23 14:23:43,220.0,2025-06-25,0.007936507936507936,3600572.561411382,31367.207815393234,1592.8493399687748,231.05681223370814,780961199.9999993,570599.9999999994,8.0,2.0,8212.0,6.0
2025-06-23 14:23:43,220.0,2025-07-25,0.12698412698412698,327165.52065695473,22303.445267327705,141.3123204878557,2606.0157250511056,31287899.99999997,570599.9999999994,59.0,2.0,329.0,6.0
2025-06-23 14:23:43,220.0,2025-06-27,0.015873015873015872,10235616.295669531,136139.33419394016,4503.246167665543,2097.607423478334,1147191299.9999988,1046099.999999999,177.0,1.0,12063.0,11.0
2025-06-23 14:23:43,220.0,2025-07-11,0.07142857142857142,5610783.661790557,251614.0919340243,2520.906803255538,15012.257920505295,460188899.9999995,12172799.999999989,168.0,1.0,4839.0,128.0
2025-06-23 14:23:43,220.0,2025-07-18,0.0992063492063492,74429927.82029009,4715033.935854474,34814.330969074814,355197.63370379026,6804404999.999992,349967999.9999997,5769.0,91.0,71550.0,3680.0
2025-06-23 14:23:43,220.0,2025-06-26,0.011904761904761904,36966.25392530495,398.46024269287994,16.25669178750103,4.741907827270053,5230499.999999995,0.0,1.0,0.0,55.0,1e-10
2025-06-23 14:23:43,220.0,2025-06-30,0.027777777777777776,32749336.124943815,860850.429720189,15874.958900718404,8894.956174410549,3107297399.999997,146168699.99999985,1264.0,5.0,32674.0,1537.0
2025-06-23 14:23:43,221.0,2025-07-11,0.07142857142857142,455494.5379300673,19019.84386943279,223.06485791744137,1168.8734542505706,43826699.99999996,840799.9999999993,44.0,1.0,417.0,8.0
2025-06-23 14:23:43,221.0,2025-06-30,0.027777777777777776,1474348.18048764,24918.675455856777,709.8362774934328,682.0879994017001,174150699.99999985,105099.99999999991,8.0,1.0,1657.0,1.0
2025-06-23 14:23:43,221.0,2025-06-23,0.001984126984126984,102148.66659226919,534.2459743825943,49.82896976070976,1.059474512352414,144722699.99999988,0.0,7.0,2.0,1377.0,1e-10
2025-06-23 14:23:43,221.0,2025-06-24,0.003968253968253968,24578.654051281464,329.3648185226433,12.820171954256859,-0.24616584837157784,35103399.99999997,105099.99999999991,5.0,1.0,334.0,1.0
2025-06-23 14:23:43,221.0,2025-07-03,0.03968253968253968,372738.91212704027,9367.947306233924,179.52148520139872,357.8593773058502,36469699.99999996,105099.99999999991,71.0,1.0,347.0,1.0
2025-06-23 14:23:43,221.0,2025-06-25,0.007936507936507936,12040.992053397636,97.78151384715348,5.853966996958318,0.7757218523824071,4203999.999999996,0.0,7.0,8.0,40.0,1e-10
2025-06-23 14:23:43,221.0,2025-08-01,0.15476190476190477,14257.398094925826,1927.1327819916346,10.062487634450598,115.36767038360072,2101999.999999998,420399.99999999965,109.0,4.0,20.0,4.0
2025-06-23 14:23:43,221.0,2025-07-18,0.0992063492063492,775057.6941369155,40237.56271126115,366.289742389741,3833.461427184106,78089299.99999993,525499.9999999995,284.0,4.0,743.0,5.0
2025-06-23 14:23:43,221.0,2025-07-25,0.12698412698412698,215978.41937200422,13317.041343134833,99.5284912880738,1690.7362379705955,23121999.99999998,0.0,293.0,1.0,220.0,1e-10
2025-06-23 14:23:43,221.0,2025-06-26,0.011904761904761904,175603.68304769613,1899.7071045139564,85.23117525669039,22.607290912972488,34788099.99999996,0.0,300.0,0.0,331.0,0.0
2025-06-23 14:23:43,221.0,2025-06-27,0.015873015873015872,185068.09697394972,6316.924140421967,110.36120744228681,-15.84722965222057,31845299.99999997,2101999.999999998,160.0,10.0,303.0,20.0
2025-06-23 14:23:43,222.0,2025-06-23,0.001984126984126984,27646.68592546224,155.525390148058,14.741039559746879,0.3084245719363066,49953399.99999996,0.0,480.0,27.0,434.0,1e-10
2025-06-23 14:23:43,222.0,2025-06-30,0.027777777777777776,332777.85056804627,5764.447548508261,176.16856276194238,150.14208426270125,50759099.99999996,115099.99999999991,344.0,1.0,441.0,1.0
2025-06-23 14:23:43,222.0,2025-06-27,0.015873015873015872,120361.57932462305,2546.672127203846,68.96600050639108,11.389449675413863,25552199.99999998,575499.9999999995,39.0,7.0,222.0,5.0
2025-06-23 14:23:43,222.0,2025-07-02,0.03571428571428571,887.8597339111251,18.38560479276158,0.4656332733571138,0.656439510846501,115099.99999999991,0.0,1.0,0.0,1.0,0.0
2025-06-23 14:23:43,222.0,2025-06-24,0.003968253968253968,5547.032929207152,31.607591163477707,2.9531211060971985,0.1253633348783832,9438199.999999993,0.0,5.0,1.0,82.0,1e-10
2025-06-23 14:23:43,222.0,2025-07-01,0.031746031746031744,826.5374273054073,15.37185235906284,0.434151274930583,0.4878483803385684,115099.99999999991,0.0,8.0,0.0,1.0,0.0
2025-06-23 14:23:43,222.0,2025-06-26,0.011904761904761904,12363.646652493191,132.68874575585784,6.561416406430865,1.579025768223531,3452999.999999997,0.0,2.0,1.0,30.0,1e-10
2025-06-23 14:23:43,222.0,2025-07-03,0.03968253968253968,127157.8139875834,3019.5368278411543,66.63731067062923,119.79018114849679,15423399.999999989,0.0,2.0,1.0,134.0,1e-10
2025-06-23 14:23:43,222.0,2025-06-25,0.007936507936507936,14785.758039383325,128.89305843162452,7.861390622820063,1.022533094119515,6445599.999999995,0.0,34.0,0.0,56.0,1e-10
2025-06-23 14:23:43,222.0,2025-07-18,0.0992063492063492,813767.8413026934,40056.782145855155,419.0376116936121,3875.709475976096,94036699.99999993,345299.9999999997,349.0,2.0,817.0,3.0
2025-06-23 14:23:43,222.0,2025-08-01,0.15476190476190477,27572.64732931164,1936.6030728886592,13.811129129004438,299.65726194235,3568099.999999997,0.0,58.0,0.0,31.0,0.0
2025-06-23 14:23:43,222.0,2025-07-11,0.07142857142857142,371777.98877285013,15976.325872852927,203.76315058833853,874.7127820240595,42702099.99999996,1266099.9999999988,47.0,1.0,371.0,11.0
2025-06-23 14:23:43,222.0,2025-07-25,0.12698412698412698,328256.09705907997,19227.42545566758,165.85337161594177,2441.101040536703,39709499.99999997,0.0,622.0,0.0,345.0,0.0
2025-06-23 14:23:43,222.5,2025-07-03,0.03968253968253968,829010.8363443031,19215.072552439455,453.0821271635388,762.2893788005215,112413599.99999991,0.0,12.0,0.0,936.0,0.0
2025-06-23 14:23:43,222.5,2025-07-11,0.07142857142857142,316745.033152422,11781.539400415832,172.88622409076973,792.4541372723328,38552099.99999997,240199.99999999983,232.0,1.0,321.0,2.0
2025-06-23 14:23:43,222.5,2025-08-01,0.15476190476190477,16740.908532485253,1141.4513159170374,8.750044454608757,176.62000876876962,2281899.999999998,0.0,1.0,0.0,19.0,0.0
2025-06-23 14:23:43,222.5,2025-07-25,0.12698412698412698,23286.45689610882,1343.271269832979,12.28977180450076,170.54022444400346,3002499.9999999977,0.0,19.0,1.0,25.0,1e-10
2025-06-23 14:23:43,222.5,2025-06-27,0.015873015873015872,29774.962783722447,376.5037139399287,16.445731003874556,5.974090914592312,7326099.999999994,0.0,1.0,0.0,61.0,0.0
2025-06-23 14:23:43,223.0,2025-07-01,0.031746031746031744,18529.86321538145,381.6018437540855,10.588706956342046,12.110725693862094,3002399.9999999977,0.0,1.0,0.0,24.0,0.0
2025-06-23 14:23:43,223.0,2025-06-23,0.001984126984126984,30388.816343026127,183.040154430999,17.576758189961154,0.3629884104652417,68179499.99999996,0.0,5.0,8.0,545.0,1e-10
2025-06-23 14:23:43,223.0,2025-07-11,0.07142857142857142,8268610.383017668,290814.28434586903,4642.890300837767,20767.440936080806,1085367599.9999993,0.0,19.0,0.0,8676.0,0.0
2025-06-23 14:23:43,223.0,2025-06-24,0.003968253968253968,3474.984876751031,21.350856059807132,2.0071337950278965,0.08468253665579116,7130699.999999994,0.0,1.0,0.0,57.0,0.0
2025-06-23 14:23:43,223.0,2025-08-01,0.15476190476190477,97596.92765524874,6601.714991083037,53.23034449144542,1021.4993457951427,14136299.999999989,0.0,34.0,0.0,113.0,0.0
2025-06-23 14:23:43,223.0,2025-07-25,0.12698412698412698,90372.55207323,6366.599622190038,55.84530314004293,562.7701287464895,13135499.99999999,750599.9999999994,10.0,0.0,105.0,6.0
2025-06-23 14:23:43,223.0,2025-06-27,0.015873015873015872,195647.34744345615,2546.813174354126,112.507930955068,40.410937759505686,53042399.99999996,0.0,70.0,2.0,424.0,1e-10
2025-06-23 14:23:43,223.0,2025-06-26,0.011904761904761904,2948.1719961859117,33.74884588133681,1.6985526263902007,0.4016177079021603,1000799.9999999993,0.0,5.0,0.0,8.0,0.0
2025-06-23 14:23:43,223.0,2025-06-25,0.007936507936507936,3055.7544370659443,28.473159012107967,1.7632649155692786,0.2258823670607937,1626299.9999999988,0.0,1.0,0.0,13.0,0.0
2025-06-23 14:23:43,223.0,2025-07-18,0.0992063492063492,1257444.910632269,59350.786981918834,702.2965300646533,5787.09134422405,166633199.99999988,375299.9999999997,428.0,1.0,1332.0,3.0
2025-06-23 14:23:43,223.0,2025-07-03,0.03968253968253968,2075349.7028029694,47622.150143321735,1181.0905400691156,1889.2283073194412,312624899.99999976,0.0,7.0,0.0,2499.0,0.0
2025-06-23 14:23:43,223.0,2025-06-30,0.027777777777777776,3925133.846301688,66826.77548036248,2254.2515553462754,1744.5990157601916,774744299.9999995,1376099.9999999988,9.0,6.0,6193.0,11.0
2025-06-23 14:23:43,224.0,2025-06-27,0.015873015873015872,42330.34452262844,2883.9635450103265,38.61909221799529,-24.500253356191003,19049099.99999999,1621199.9999999988,14.0,13.0,141.0,12.0
2025-06-23 14:23:43,224.0,2025-07-02,0.03571428571428571,-796.959553743129,158.72197426308279,0.5111097896983818,-5.67637131669235,0.0,135099.9999999999,0.0,0.0,0.0,1.0
2025-06-23 14:23:43,224.0,2025-06-24,0.003968253968253968,166.8657365118396,1.1000254990270448,0.10389597625332694,0.004362956449022388,405299.9999999997,0.0,1.0,9.0,3.0,1e-10
2025-06-23 14:23:43,224.0,2025-06-25,0.007936507936507936,211.87657134374717,2.102225281272361,0.13183055088745577,0.016677270426133824,135099.9999999999,0.0,1.0,0.0,1.0,0.0
2025-06-23 14:23:43,224.0,2025-07-18,0.0992063492063492,6503367.020788501,291680.07464069914,3911.995830332035,28692.87611841794,985014099.9999993,945699.9999999993,171.0,0.0,7291.0,7.0
2025-06-23 14:23:43,224.0,2025-08-01,0.15476190476190477,20814.184600407436,2001.8768416158487,15.346818216889,161.17104689680423,3782799.999999997,405299.9999999997,64.0,0.0,28.0,3.0
2025-06-23 14:23:43,224.0,2025-07-03,0.03968253968253968,5420.341725231046,5294.907783487846,30.946345513398022,-160.54157173040466,5133799.999999996,3512599.9999999977,10.0,26.0,38.0,26.0
2025-06-23 14:23:43,224.0,2025-07-25,0.12698412698412698,26204.48424445863,1426.2752584427467,15.578260099966839,181.07625626976827,4052999.999999997,0.0,48.0,0.0,30.0,0.0
2025-06-23 14:23:43,224.0,2025-07-11,0.07142857142857142,20103.025808456507,678.4386344834726,12.185609039685707,48.44771208565417,3107299.9999999977,0.0,1.0,0.0,23.0,0.0
2025-06-23 14:23:43,224.0,2025-06-26,0.011904761904761904,14799.336369661507,162.08330066662617,9.18917880859617,1.9287827522997993,7430499.999999995,0.0,52.0,0.0,55.0,0.0
2025-06-23 14:23:43,224.0,2025-06-30,0.027777777777777776,815907.2929242253,13480.67698799983,502.97655909806264,374.3369116635635,202649999.99999985,0.0,155.0,10.0,1500.0,1e-10
2025-06-23 14:23:43,224.0,2025-06-23,0.001984126984126984,1685.85293642455,10.828818582540498,1.0509873642164607,0.02147466583772064,4593399.999999997,0.0,5.0,14.0,34.0,1e-10
2025-06-23 14:23:43,225.0,2025-08-01,0.15476190476190477,70088.76666428866,4635.835631508555,45.49062305009694,666.4233195831497,12768799.99999999,145099.9999999999,69.0,0.0,88.0,1.0
2025-06-23 14:23:43,225.0,2025-06-23,0.001984126984126984,4646.934039247923,1051.0294706767559,6.702174764437919,-1.8870874654425882,23796399.999999985,725499.9999999995,1.0,11.0,164.0,5.0
2025-06-23 14:23:43,225.0,2025-07-25,0.12698412698412698,153092.75444370383,9955.074790422013,107.46589373051057,877.173139605046,28004299.99999998,1305899.9999999993,36.0,0.0,193.0,9.0
2025-06-23 14:23:43,225.0,2025-07-01,0.031746031746031744,47440.350314014766,1074.751561884631,32.386409462902975,22.531557612695085,13058999.99999999,145099.9999999999,87.0,1.0,90.0,1.0
2025-06-23 14:23:43,225.0,2025-07-03,0.03968253968253968,4663022.401388189,106543.15734271934,3079.80343189557,4140.334064637987,1043559199.9999994,870599.9999999994,13.0,1.0,7192.0,6.0
2025-06-23 14:23:43,225.0,2025-06-24,0.003968253968253968,43.17166245515856,0.2919016651932199,0.02881197807410664,0.0011577377990901723,145099.9999999999,0.0,1.0,0.0,1.0,0.0
2025-06-23 14:23:43,225.0,2025-06-27,0.015873015873015872,171496.24681903838,2301.869377049318,114.05303503827861,36.523689087311986,75306899.99999996,0.0,5.0,0.0,519.0,1e-10
2025-06-23 14:23:43,225.0,2025-06-26,0.011904761904761904,13278.554288725987,153.10865490251416,8.84259875402478,1.8219791635211204,7980499.999999995,0.0,54.0,1.0,55.0,1e-10
2025-06-23 14:23:43,225.0,2025-06-30,0.027777777777777776,6544932.974997363,108835.31890934648,4329.6256714726205,3011.995263528928,2029658799.9999986,145099.9999999999,12.0,15.0,13988.0,1.0
2025-06-23 14:23:43,225.0,2025-06-25,0.007936507936507936,80416.36398666126,923.1723474663568,53.68684535062424,7.323768965077297,49188899.99999996,0.0,1.0,1.0,339.0,1e-10
2025-06-23 14:23:43,225.0,2025-07-18,0.0992063492063492,71893324.6350376,3107124.2815880612,46433.49548583828,305666.8991464882,12465540999.99999,10592299.999999993,2455.0,3.0,85910.0,73.0
2025-06-23 14:23:43,225.0,2025-07-11,0.07142857142857142,7283090.173213924,240768.1641691082,4742.8981335800545,17142.67294727514,1320990399.9999993,290199.9999999998,178.0,1.0,9104.0,2.0
2025-06-23 14:23:43,225.0,2025-07-02,0.03571428571428571,653.8126900204416,15.003751073187166,0.4321691761592077,0.5356860217922397,145099.9999999999,0.0,1.0,0.0,1.0,0.0
2025-06-23 14:23:43,226.0,2025-06-24,0.003968253968253968,12248.22923824554,88.35354704139894,8.721455347563175,0.35042709120172305,46840199.99999996,0.0,30.0,1.0,302.0,1e-10
2025-06-23 14:23:43,226.0,2025-07-18,0.0992063492063492,172232.94062104315,7241.420652862397,118.72175417459468,718.2208206045052,34121999.999999985,0.0,47.0,0.0,220.0,0.0
2025-06-23 14:23:43,226.0,2025-06-25,0.007936507936507936,1390.9669862545782,12.98148058779043,0.98932829375615,0.10298007408369493,2016299.9999999988,0.0,1.0,0.0,13.0,0.0
2025-06-23 14:23:43,226.0,2025-06-30,0.027777777777777776,1901504.3381683216,33205.42585349365,1343.3172338521595,922.0512433687929,685076699.9999995,0.0,8.0,5.0,4417.0,1e-10
2025-06-23 14:23:43,226.0,2025-07-25,0.12698412698412698,6719026.591800175,341858.54129418737,4589.0291716508345,43400.837245781586,1318660199.9999993,0.0,82.0,0.0,8502.0,0.0
2025-06-23 14:23:43,226.0,2025-08-01,0.15476190476190477,17835.608718606036,1084.5945156808489,12.08949124356251,167.81855207447103,3567299.9999999977,0.0,13.0,0.0,23.0,0.0
2025-06-23 14:23:43,226.0,2025-07-11,0.07142857142857142,115040.45106501172,3676.2279834888423,79.98607836086772,262.5167650673466,24505799.999999985,0.0,3.0,0.0,158.0,0.0
2025-06-23 14:23:43,226.0,2025-07-03,0.03968253968253968,31178.944248858985,720.3322244992053,21.955035300072225,28.575762281541426,8220299.999999995,0.0,1.0,0.0,53.0,0.0
2025-06-23 14:23:43,226.0,2025-06-23,0.001984126984126984,-15013.20237541068,6622.114895399713,12.838841674107316,-13.10334749843327,9150899.999999994,5118299.999999997,3.0,120.0,59.0,33.0
2025-06-23 14:23:43,226.0,2025-06-27,0.015873015873015872,136178.7018808087,1931.7442553830986,96.68935632995195,30.650878833765265,69329699.99999996,0.0,1.0,0.0,447.0,0.0
2025-06-23 14:23:43,226.0,2025-06-26,0.011904761904761904,75101.07981923813,920.8063991836178,53.38499681790451,10.957507082806767,51803399.99999996,0.0,4.0,3.0,334.0,1e-10
2025-06-23 14:23:43,227.0,2025-07-11,0.07142857142857142,48455.30272364112,1522.0744792287028,35.842569085380596,108.68932899751422,12052299.999999993,0.0,23.0,0.0,73.0,0.0
2025-06-23 14:23:43,227.0,2025-06-24,0.003968253968253968,-4.5314797944554104e-08,2.0104699501586108e-08,3.4575318865041345e-11,-7.979196815792323e-11,0.0,0.0,0.0,1.0,0.0,1e-10
2025-06-23 14:23:43,227.0,2025-06-26,0.011904761904761904,-6326.7203852310395,1905.9479916801242,4.843605088418036,-22.699997123205396,0.0,1650999.9999999993,0.0,1.0,0.0,10.0
2025-06-23 14:23:43,227.0,2025-06-23,0.001984126984126984,966.8254506873824,6.276922651818878,0.7317927261339318,0.012447218502535287,9245599.999999994,0.0,2.0,9.0,56.0,1e-10
2025-06-23 14:23:43,227.0,2025-07-18,0.0992063492063492,6221214.453315314,253425.79945342816,4562.5353088048805,25135.145223521213,1408468099.999999,0.0,4.0,0.0,8531.0,0.0
2025-06-23 14:23:43,227.0,2025-08-01,0.15476190476190477,23769.234775848516,1403.765002809805,17.156257804402674,217.20216480280027,5283199.999999997,0.0,6.0,0.0,32.0,0.0
2025-06-23 14:23:43,227.0,2025-06-30,0.027777777777777776,840358.5042772143,15298.058443712363,631.377603251386,424.7966670319501,351332799.9999999,0.0,11.0,2.0,2128.0,1e-10
2025-06-23 14:23:43,227.0,2025-07-03,0.03968253968253968,1557.0846238899778,35.51131844289826,1.1656274285067514,1.4087297221889157,495299.9999999997,0.0,1.0,0.0,3.0,0.0
2025-06-23 14:23:43,227.0,2025-07-25,0.12698412698412698,30672.571188352445,1499.9199639450153,22.289679137278036,190.42160874999914,6769099.999999995,0.0,19.0,0.0,41.0,0.0
2025-06-23 14:23:43,227.0,2025-06-27,0.015873015873015872,109724.18931537269,1466.5557907971906,82.73824307437965,23.269281329595227,80238599.99999996,0.0,2.0,2.0,486.0,1e-10
2025-06-23 14:23:43,228.0,2025-08-01,0.15476190476190477,81675.45147249315,4659.004854217132,62.50420602369306,720.8748221859734,20136499.99999999,0.0,9.0,0.0,115.0,0.0
2025-06-23 14:23:43,228.0,2025-07-03,0.03968253968253968,11703.777949533693,269.55310716723824,9.282452778685434,10.693072381404761,4377499.999999998,0.0,2.0,0.0,25.0,0.0
2025-06-23 14:23:43,228.0,2025-06-26,0.011904761904761904,179.35477376604908,2.357416016382876,0.14346432180108135,0.02805278136220965,175099.9999999999,0.0,0.0,0.0,1.0,0.0
2025-06-23 14:23:43,228.0,2025-06-30,0.027777777777777776,407675.95580196247,7316.568748139242,324.3026639536444,203.16437427633048,212221199.99999985,0.0,5.0,2.0,1212.0,1e-10
2025-06-23 14:23:43,228.0,2025-06-27,0.015873015873015872,1705.1463004470631,24.107194566976606,1.3618529312277954,0.3824996309002432,1400799.9999999993,0.0,1.0,0.0,8.0,0.0
2025-06-23 14:23:43,228.0,2025-07-11,0.07142857142857142,14565.809473597992,453.85693526364213,11.420739706722083,32.40909009196965,4202399.999999998,0.0,3.0,0.0,24.0,0.0
2025-06-23 14:23:43,228.0,2025-06-25,0.007936507936507936,5272.054958075143,53.40041469014695,4.218301329551442,0.4236141078780088,10856199.999999994,0.0,52.0,1.0,62.0,1e-10
2025-06-23 14:23:43,228.0,2025-06-24,0.003968253968253968,-1596.9659337425333,806.8648448491834,1.390566728277192,-3.1984105973386567,350199.9999999998,700399.9999999997,1.0,1.0,2.0,4.0
2025-06-23 14:23:43,228.0,2025-06-23,0.001984126984126984,100.2306444588739,0.6916160071663675,0.08030325141729298,0.0013714850002339361,1050599.9999999995,0.0,4.0,2.0,6.0,1e-10
2025-06-23 14:23:43,228.0,2025-07-25,0.12698412698412698,6054727.343325936,287741.13821785443,4665.506591257328,36529.76796670104,1503058399.999999,0.0,111.0,0.0,8584.0,0.0
2025-06-23 14:23:43,228.0,2025-07-18,0.0992063492063492,97655.71712997335,4310.256267262933,78.07265586322117,355.93006256779734,25564599.999999985,350199.9999999998,34.0,0.0,146.0,2.0
2025-06-23 14:23:43,229.0,2025-06-27,0.015873015873015872,62779.616656083446,914.628657301101,52.92002430244219,14.512002636682926,60527699.99999996,0.0,328.0,0.0,327.0,0.0
2025-06-23 14:23:43,229.0,2025-06-30,0.027777777777777776,1268599.3686414137,22172.89538143904,1064.786593725575,615.6827698565446,839243399.9999994,0.0,54.0,1.0,4534.0,1e-10
2025-06-23 14:23:43,229.0,2025-07-11,0.07142857142857142,8933.574367854619,279.07306340314943,7.401090300597321,19.92797756495017,2961599.9999999986,0.0,0.0,0.0,16.0,0.0
2025-06-23 14:23:43,229.0,2025-07-25,0.12698412698412698,11283.722638879854,525.5867569243615,9.190313655587342,66.72467749291684,3146699.9999999986,0.0,3.0,0.0,17.0,0.0
2025-06-23 14:23:43,229.0,2025-06-25,0.007936507936507936,263.33158037502784,2.887183062412822,0.22238905640431403,0.022903533427364488,555299.9999999998,0.0,2.0,0.0,3.0,1e-10
2025-06-23 14:23:43,229.0,2025-08-01,0.15476190476190477,10150.802506864107,561.6822729688031,8.20926147868632,86.9069409500353,2776499.9999999986,0.0,2.0,0.0,15.0,0.0
2025-06-23 14:23:43,229.0,2025-06-24,0.003968253968253968,60.24394527747751,0.5002493733620912,0.05090101248696967,0.001984070749966422,370199.9999999998,0.0,0.0,19.0,2.0,1e-10
2025-06-23 14:23:43,229.0,2025-06-23,0.001984126984126984,36.99419763683802,0.25687611156535306,0.03126441978438576,0.0005093828412959476,555299.9999999998,0.0,2.0,1.0,3.0,1e-10
2025-06-23 14:23:43,229.0,2025-06-26,0.011904761904761904,19514.021724188875,296.9591194492218,16.489960434942486,3.5338138020164083,17214299.999999993,0.0,2.0,1.0,93.0,1e-10
2025-06-23 14:23:43,229.0,2025-07-03,0.03968253968253968,6730.143154817016,155.5712617006272,5.635606348665512,6.1714125174463685,2961599.9999999986,0.0,2.0,0.0,16.0,0.0
2025-06-23 14:23:43,229.0,2025-07-18,0.0992063492063492,5346008.018920141,209840.41749869994,4392.039524488344,20811.98216755068,1569462899.9999993,0.0,3.0,0.0,8479.0,0.0
2025-06-23 14:23:43,230.0,2025-06-30,0.027777777777777776,1562784.904546962,29297.171727944038,1385.1235489118133,772.0947995719641,1163381299.9999995,780399.9999999997,49.0,6.0,5963.0,4.0
2025-06-23 14:23:43,230.0,2025-07-18,0.0992063492063492,8068311.7439009175,348970.10624547343,7186.267171311912,27579.072612204913,2738228499.9999986,37849399.999999985,732.0,30.0,14035.0,194.0
2025-06-23 14:23:43,230.0,2025-06-24,0.003968253968253968,-2969.491843631656,1610.3065294693588,2.845882675896753,-6.384233300018539,780399.9999999997,1560799.9999999993,1.0,1.0,4.0,8.0
2025-06-23 14:23:43,230.0,2025-07-11,0.07142857142857142,116046.09746486109,3556.969877790387,101.2162833047651,253.99308613857065,44677899.999999985,0.0,37.0,0.0,229.0,0.0
2025-06-23 14:23:43,230.0,2025-07-25,0.12698412698412698,188754.4358819231,8577.04196499492,161.95456703879668,1088.871219246148,59115299.99999996,0.0,9.0,0.0,303.0,0.0
2025-06-23 14:23:43,230.0,2025-06-25,0.007936507936507936,1913.6421161924873,21.75391294985041,1.700338857275585,0.17256958965563757,4682399.999999998,0.0,10.0,0.0,24.0,1e-10
2025-06-23 14:23:43,230.0,2025-07-03,0.03968253968253968,302735.1421485925,7268.465000293014,266.9911162733658,288.3348525807223,149836799.99999994,0.0,14.0,8.0,768.0,1e-10
2025-06-23 14:23:43,230.0,2025-07-01,0.031746031746031744,18319.083206870124,361.5081503763021,16.172547092348747,11.47227829673167,11901099.999999994,0.0,16.0,0.0,61.0,0.0
2025-06-23 14:23:43,230.0,2025-06-23,0.001984126984126984,2011.9644166785765,14.795938252043802,1.7887266537153446,0.029340262883406347,32191499.99999999,0.0,1.0,4.0,165.0,1e-10
2025-06-23 14:23:43,230.0,2025-06-26,0.011904761904761904,20530.38437634356,253.77429105246594,18.21731816890424,3.0197672792879713,38434699.999999985,0.0,14.0,2.0,197.0,1e-10
2025-06-23 14:23:43,230.0,2025-06-27,0.015873015873015872,37016.67352201396,568.0974179174807,32.84303422962111,9.013749638051614,39410199.999999985,0.0,13.0,0.0,202.0,0.0
2025-06-23 14:23:43,230.0,2025-08-01,0.15476190476190477,28294.20814995414,1526.8336747068493,24.11202105340922,236.23959135571423,8584399.999999996,0.0,16.0,0.0,44.0,0.0
